009	079	96	331978	7392498
009	079	66	331989	7392525
015	116	2639	328042	7391305
016	102	104	329077	7390901
016	101	530	328964	7390797
016	098	41	328594	7390759
016	096	120	328447	7390681
016	048	65	329076	7391371
016	048	112	329109	7391379
016	106	111	329404	7391022
016	059	225	328454	7391066
016	150	77	329252	7389950
016	120	110	329174	7390583
016	155	357	329115	7390266
016	080	333	329484	7391227
016	049	109	329152	7391404
016	091	474	329039	7390962
016	079	611	328941	7391094
016	078	806	328752	7390957
016	078	691	328862	7391069
016	098	67	328618	7390725
016	050	85	329239	7391444
016	091	422	329091	7390982
016	092	201	329500	7391123
016	167	123	329220	7390395
016	065	227	329117	7391211
016	057	381	328308	7391035
016	092	325	329220	7391053
016	054	153	328302	7391107
016	144	99	329324	7390353
016	165	121	329360	7391510
016	080	202	329325	7391137
016	096	1085	328470	7390716
016	049	149	329162	7391363
016	091	445	329114	7391024
016	074	354	328292	7390887
016	075	168	328435	7390925
016	097	97	328493	7390649
016	155	1130	329142	7390230
016	055	205	328337	7391172
016	055	174	328342	7391132
016	106	149	329513	7391055
016	115	871	328746	7390611
016	106	99	329383	7390934
016	144	55	329300	7390291
016	098	444	328647	7390764
016	098	460	328641	7390753
016	054	398	328262	7391075
016	098	81	328591	7390720
016	115	620	328805	7390648
016	123	717	329270	7390735
016	074	89	328399	7390840
016	061	139	328609	7391064
016	058	61	328396	7391025
016	101	464	328957	7390867
016	147	46	329301	7390168
016	101	478	328960	7390876
016	165	171	329336	7391419
016	145	1200	329167	7390172
016	058	305	328385	7391060
016	144	67	329368	7390365
016	055	175	328358	7391144
016	076	136	328559	7390933
016	100	78	328852	7390806
016	115	666	328798	7390600
016	162	275	329102	7390057
016	080	329	329167	7391094
016	144	146	329209	7390263
016	115	813	328796	7390635
016	106	133	329387	7391020
016	104	245	329278	7390979
016	098	61	328599	7390739
016	123	233	329359	7390803
016	104	507	329203	7390950
016	163	232	329107	7389949
016	148	945	328855	7389906
016	167	1054	329322	7390404
016	163	158	329152	7389974
016	122	750	329221	7390677
016	057	43	328330	7390999
016	115	839	328771	7390623
016	102	64	329112	7390920
016	098	79	328589	7390723
016	167	214	329205	7390371
016	098	57	328596	7390746
016	166	70	329243	7390485
016	099	888	328716	7390678
016	166	956	329281	7390506
016	092	314	329195	7391013
016	162	247	329121	7390061
016	076	286	328600	7390927
016	101	71	328902	7390825
016	076	168	328549	7390970
016	120	682	329218	7390756
016	166	60	329252	7390489
016	163	122	329200	7389978
016	098	436	328643	7390781
016	045	5489	328801	7391247
016	050	33	329217	7391506
016	080	340	329194	7391095
016	150	128	329186	7389907
016	162	291	329083	7390052
016	162	301	329069	7390048
016	136	135	328829	7390309
016	075	132	328449	7390891
016	080	168	329346	7391156
016	050	98	329276	7391473
016	100	759	328779	7390836
016	106	190	329380	7390870
016	144	100	329247	7390277
016	144	126	329232	7390271
016	096	150	328398	7390712
016	076	330	328615	7390877
016	096	30	328548	7390713
016	096	1075	328481	7390733
016	099	517	328709	7390722
016	056	248	328408	7391123
016	106	131	329383	7390905
016	120	690	329210	7390745
016	167	81	329270	7390443
016	136	539	328805	7390408
016	134	565	328748	7390392
016	134	591	328724	7390392
016	115	809	328799	7390647
016	089	901	328669	7390890
016	106	45	329359	7390987
016	106	85	329374	7390959
016	166	165	329146	7390531
016	144	91	329266	7390279
016	079	574	328968	7391039
016	155	1182	329164	7390190
016	090	701	328861	7390942
016	077	873	328679	7391017
016	097	36	328450	7390606
016	102	502	329148	7390933
016	101	480	328961	7390852
016	165	99	329364	7391471
016	118	396	328900	7390492
016	080	60	329461	7391194
016	155	1160	329160	7390203
016	139	901	329337	7390561
016	115	656	328806	7390614
016	136	85	328809	7390364
016	136	29	328789	7390393
016	098	536	328672	7390682
016	091	452	329068	7390974
016	092	38	329461	7391093
016	150	206	329107	7389890
016	044	5581	328723	7391198
016	092	146	329366	7391065
016	105	120	329338	7390906
016	104	281	329250	7390970
016	136	507	328827	7390419
016	165	127	329329	7391460
016	100	84	328854	7390791
016	059	197	328475	7391089
016	155	1140	329142	7390218
016	137	310	329110	7390338
016	134	623	328700	7390381
016	163	48	329266	7389996
016	147	60	329328	7390222
016	104	80	329315	7390940
016	075	184	328437	7390955
016	100	749	328796	7390834
016	100	751	328787	7390839
016	074	298	328312	7390845
016	147	90	329279	7390243
016	147	72	329312	7390246
016	080	283	329153	7391159
016	102	144	329048	7390889
016	089	865	328707	7390899
016	150	71	329260	7389954
016	076	320	328609	7390896
016	162	229	329144	7390053
016	049	110	329191	7391414
016	098	77	328587	7390724
016	045	5541	328760	7391232
016	167	197	329154	7390399
016	167	240	329187	7390365
016	167	246	329163	7390363
016	054	456	328214	7391056
016	165	89	329324	7391498
016	115	249	328657	7390551
034	081	606	334478	7391479
034	082	748	334632	7391488
034	083	840	334720	7391504
034	081	347	334442	7391398
034	066	175	334047	7391539
034	049	1214	334340	7391998
034	078	346	334215	7391496
034	081	622	334506	7391387
034	082	537	334568	7391474
034	067	205	334078	7391512
034	081	355	334451	7391409
034	080	275	334369	7391401
034	083	814	334687	7391502
034	083	898	334757	7391511
034	070	525	334398	7391548
034	070	495	334368	7391540
034	074	441	334564	7391575
034	079	464	334328	7391499
034	079	478	334339	7391495
034	080	257	334353	7391393
035	103	12	335290	7392663
035	081	198	336151	7391915
035	086	728	335452	7392031
035	084	1171	335674	7391824
035	058	464	335178	7391537
035	027	32	335276	7392199
035	024	117	334704	7391949
035	024	67	334629	7391944
035	099	141	335578	7392885
035	027	180	335312	7392072
035	099	219	335607	7392793
035	044	835	335537	7391967
035	065	951	335658	7392041
035	072	195	336139	7391962
035	087	506	335365	7392241
035	034	554	334977	7391796
035	055	380	335005	7391565
035	046	270	335861	7392266
035	044	899	335567	7391922
035	087	500	335350	7392252
035	086	249	335389	7392026
035	071	23	335968	7391940
035	054	470	334979	7391468
035	069	277	336167	7392190
035	059	268	335355	7391764
035	077	575	335911	7391929
035	086	257	335392	7392013
035	053	685	334924	7391662
035	059	282	335345	7391749
035	046	260	335875	7392238
035	058	454	335187	7391549
035	087	93	335333	7392160
035	103	158	335329	7392626
035	055	342	335042	7391547
035	085	796	335765	7391738
035	053	691	334918	7391667
035	058	36	335168	7391516
035	103	72	335327	7392660
035	062	102	335518	7391696
035	061	59	335475	7391950
035	056	117	335099	7391564
035	062	20	335585	7391735
035	016	511	335612	7392487
035	085	800	335763	7391730
035	072	199	336144	7391963
035	059	310	335337	7391739
035	073	485	336242	7392011
035	054	1137	334956	7391412
035	065	1005	335661	7391995
035	072	165	336106	7392007
035	081	212	336163	7391925
035	086	690	335422	7392068
036	036	637	331593	7391925
036	051	39	331022	7391842
036	019	271	331950	7392075
036	123	304	329539	7390094
036	037	151	331666	7391815
036	039	696	331990	7391827
036	008	333	331859	7392275
036	013	531	331728	7392132
036	025	509	331716	7391980
036	102	134	329730	7390547
036	051	1136	331036	7391761
036	049	404	332315	7391825
036	049	390	332315	7391834
036	003	2533	331560	7392454
036	051	1116	331046	7391760
036	003	2779	331397	7392269
036	060	978	331480	7391334
036	051	1126	331040	7391766
036	045	743	331767	7391756
036	007	167	331727	7392271
036	101	178	329604	7390626
036	101	85	329619	7390537
036	003	420	331494	7392308
036	004	455	331723	7392429
036	003	586	331374	7392207
036	006	114	331624	7392279
036	023	3097	331164	7392051
036	037	200	331759	7391807
036	039	736	332008	7391786
036	003	638	331362	7392154
036	007	370	331789	7392293
036	049	410	332329	7391823
036	047	598	331927	7391636
036	036	584	331669	7391881
036	047	540	331978	7391653
036	101	203	329623	7390569
036	038	509	331782	7391867
036	061	970	331628	7391417
036	015	235	331437	7392044
036	022	144	332304	7392108
036	017	500	331685	7392018
036	107	648	329574	7390387
036	051	1124	331044	7391774
036	008	211	331893	7392292
036	121	104	330051	7390012
036	103	363	329788	7390382
036	106	584	330181	7390657
036	087	150	330235	7391078
036	014	252	331929	7392128
036	051	1114	331050	7391790
036	015	627	331410	7392110
036	016	212	331656	7392108
036	015	199	331401	7392055
036	125	478	329821	7390036
036	101	219	329674	7390653
036	128	310	329457	7390064
036	101	231	329722	7390635
036	013	567	331706	7392110
036	019	509	331956	7392018
036	019	471	331940	7392047
036	003	604	331381	7392171
036	003	2851	331344	7392209
036	135	470	331899	7390088
036	003	2589	331528	7392414
036	012	208	331692	7392182
036	051	1108	331053	7391784
036	136	363	332012	7390104
036	013	308	331790	7392135
036	058	81	331205	7391288
036	128	700	329415	7390004
036	026	323	331936	7391945
036	003	2909	331303	7392176
036	031	964	331129	7391906
036	122	382	329467	7390139
036	040	330	332090	7391834
036	041	120	332299	7391909
036	136	355	332020	7390103
036	061	808	331728	7391507
036	003	498	331445	7392248
036	006	40	331584	7392314
036	019	258	331981	7392024
036	016	471	331602	7392145
036	016	172	331611	7392154
036	108	440	329824	7390290
036	093	366	330198	7390875
036	019	202	332024	7392055
036	117	619	329567	7390328
036	135	398	331967	7390132
036	011	489	331497	7392210
036	066	213	331374	7391165
036	098	294	329958	7390596
036	011	521	331483	7392194
036	003	456	331477	7392285
036	048	286	332210	7391755
036	129	385	329482	7389971
036	003	2791	331384	7392254
036	016	487	331582	7392120
036	017	486	331724	7392034
036	048	246	332238	7391754
036	102	210	329752	7390604
036	011	547	331464	7392177
036	045	642	331813	7391683
036	097	390	329879	7390665
036	003	2759	331404	7392284
036	030	250	332352	7392011
036	049	125	332309	7391865
036	013	344	331819	7392114
036	121	80	330074	7389995
036	019	253	331965	7392087
036	111	200	329966	7390287
036	047	558	331952	7391646
036	123	250	329599	7390086
036	121	86	330063	7390002
036	019	176	332047	7392067
036	124	301	329665	7390081
036	006	81	331588	7392227
036	040	713	332035	7391834
036	149	387	331569	7391962
036	049	418	332331	7391824
036	019	268	331972	7392011
036	123	314	329525	7390107
036	015	207	331408	7392066
036	107	210	329626	7390393
036	123	539	329617	7390141
036	068	1114	331569	7391234
036	117	717	329476	7390387
036	037	581	331710	7391840
036	051	1088	331066	7391813
036	008	407	331811	7392213
036	126	402	329897	7389919
036	128	435	329403	7390111
036	045	766	331700	7391645
036	022	53	332237	7392166
036	038	425	331823	7391887
036	045	741	331773	7391757
036	025	456	331809	7391941
036	011	471	331511	7392229
036	019	285	331930	7392071
036	047	496	332008	7391667
036	107	186	329606	7390405
036	046	669	331807	7391636
036	063	220	331304	7391222
036	013	487	331766	7392162
036	046	637	331837	7391670
036	101	43	329646	7390469
036	037	766	331734	7391790
036	129	608	329493	7389977
036	061	858	331693	7391474
036	003	646	331347	7392138
036	002	466	331751	7392491
036	013	299	331755	7392097
036	135	376	331992	7390139
036	018	382	331875	7391981
036	014	85	331978	7392224
036	015	577	331445	7392151
036	027	569	331985	7391952
036	015	181	331386	7392083
036	003	2743	331412	7392302
036	061	936	331654	7391431
036	136	515	331914	7390019
036	049	176	332310	7391792
036	136	487	331921	7390048
036	047	495	331963	7391710
036	117	441	329435	7390380
036	003	354	331537	7392363
036	122	763	329432	7390220
036	011	490	331545	7392170
036	107	642	329580	7390381
036	043	830	331677	7391738
036	061	826	331692	7391513
036	061	880	331665	7391479
036	006	49	331566	7392251
036	003	2503	331574	7392467
036	051	1098	331059	7391780
036	023	3051	331195	7392081
036	120	206	329951	7390055
036	052	3421	330931	7391816
036	148	349	331544	7391994
036	148	633	331504	7392022
036	019	517	331952	7392021
036	049	172	332319	7391801
036	039	706	331991	7391807
036	101	118	329658	7390546
036	045	650	331810	7391692
036	130	367	329625	7390014
036	019	286	331960	7392013
036	136	575	331862	7389984
036	101	121	329564	7390472
036	109	417	329829	7390345
036	125	524	329798	7390003
036	040	731	332041	7391813
036	117	417	329443	7390407
036	136	341	332036	7390134
036	019	507	331953	7392022
036	025	457	331761	7392004
036	014	210	331958	7392151
036	050	365	332361	7391878
036	116	756	329446	7390289
036	003	2867	331325	7392205
036	023	812	331229	7391993
036	031	3249	331063	7391930
036	048	377	332086	7391764
036	048	349	332109	7391731
036	117	687	329507	7390372
036	117	665	329503	7390349
036	010	86	332026	7392272
036	129	564	329531	7389970
036	030	257	332305	7391974
036	135	302	332020	7390152
036	003	318	331564	7392389
036	013	515	331746	7392137
036	057	31	331200	7391348
036	069	381	331349	7391042
036	130	462	329649	7389958
036	036	67	331620	7391897
036	005	240	331876	7392402
036	068	85	331460	7391264
036	129	405	329471	7389974
036	009	200	331956	7392309
036	122	797	329400	7390260
036	039	253	331818	7391772
036	037	601	331688	7391831
036	013	328	331806	7392122
036	036	631	331609	7391935
036	039	458	331982	7391785
036	117	407	329445	7390412
036	043	220	331644	7391743
036	048	831	332082	7391721
036	101	55	329508	7390542
036	101	99	329543	7390577
037	049	428	332273	7389890
037	007	22	332497	7391634
037	043	1018	332610	7390334
037	100	163	332203	7391039
037	019	211	332380	7391286
037	020	222	332548	7391390
037	102	579	331837	7390920
037	039	1113	332336	7390527
037	034	289	332603	7390850
037	030	250	332052	7390568
037	003	472	332079	7391378
037	044	126	332697	7390448
037	098	873	331721	7391434
037	014	289	332279	7391387
037	102	491	331909	7390958
037	083	332	332830	7390068
037	040	346	332643	7390599
037	102	523	331876	7390956
037	034	277	332614	7390854
037	007	184	332493	7391663
037	045	172	332760	7390518
037	022	459	331896	7390744
037	008	30	332514	7391588
037	070	60	332308	7390349
037	029	1508	331948	7390416
037	023	552	331915	7390556
037	007	96	332440	7391618
037	093	698	331876	7391287
037	099	161	332811	7390520
037	052	92	332600	7389864
037	003	446	332105	7391388
037	025	619	332270	7390763
037	061	85	332611	7389825
037	036	231	332737	7390846
037	023	937	331963	7390637
037	060	171	332527	7389815
037	088	99	332036	7391544
037	052	29	332643	7389948
037	026	297	332540	7390937
037	026	391	332473	7390871
037	024	751	332142	7390716
037	052	60	332632	7389878
037	045	117	332740	7390484
037	059	333	332370	7389831
037	024	737	332155	7390718
037	089	637	331928	7391559
037	026	457	332420	7390835
037	022	890	331993	7390709
037	013	486	332089	7391262
037	089	158	331959	7391537
037	014	257	332312	7391391
037	100	209	332183	7391030
037	043	868	332581	7390458
037	067	59	332079	7390828
037	013	565	332014	7391289
037	012	349	332247	7391226
037	031	301	332100	7390538
037	037	428	332101	7390405
037	024	358	332080	7390624
037	024	727	332165	7390733
037	052	30	332680	7389866
037	098	947	331662	7391379
037	044	172	332726	7390396
037	040	318	332662	7390609
037	099	135	332826	7390547
037	044	328	332729	7390383
037	023	564	331891	7390579
037	093	720	331846	7391228
037	011	480	331896	7391040
037	102	341	332029	7391006
037	045	136	332764	7390545
037	038	463	332160	7390395
037	082	158	332708	7390019
037	026	407	332462	7390865
037	050	332	332362	7389900
037	093	710	331858	7391283
037	089	555	331993	7391583
037	024	701	332182	7390742
037	017	64	332438	7391156
037	094	307	332207	7391694
037	012	58	332284	7391192
037	102	101	331893	7390930
037	050	314	332382	7389897
037	044	334	332715	7390372
037	044	88	332678	7390479
037	018	55	332459	7391194
037	018	45	332457	7391206
037	047	1018	332939	7390688
037	037	1026	332020	7390337
037	102	427	331949	7391004
037	032	305	332166	7390592
037	051	52	332560	7389919
037	102	323	332054	7391011
037	088	191	331974	7391504
037	035	52	332626	7391010
037	023	538	331927	7390562
037	032	287	332188	7390599
037	022	948	331935	7390699
037	032	180	332251	7390603
037	089	150	331968	7391554
037	040	338	332649	7390602
037	032	1182	332239	7390552
037	078	130	332243	7390114
037	032	1172	332254	7390557
037	035	239	332608	7390953
037	089	170	331950	7391546
037	102	215	332011	7390978
037	083	206	332971	7390146
037	017	163	332373	7391132
037	036	550	332814	7390849
037	013	415	332153	7391333
037	039	987	332460	7390566
037	032	1210	332218	7390545
037	003	515	332038	7391415
037	099	165	332810	7390515
037	025	663	332221	7390755
037	094	347	332176	7391682
037	047	1192	333053	7390556
037	047	1186	333049	7390565
037	093	715	331869	7391287
037	036	127	332680	7391038
037	058	485	332208	7389845
037	020	103	332479	7391354
037	051	86	332558	7389899
037	026	45	332507	7390864
037	010	173	331744	7390998
037	003	435	332128	7391475
037	071	143	332371	7390282
037	028	57	332639	7391187
037	093	669	331915	7391251
037	022	54	331962	7390747
037	006	133	332426	7391700
037	032	204	332267	7390577
037	038	308	332308	7390477
037	026	315	332535	7390917
037	010	584	331799	7390954
037	012	681	331922	7391168
037	039	512	332496	7390517
037	103	212	332021	7390929
037	051	54	332560	7389922
037	024	811	332089	7390689
037	072	134	332335	7390287
037	067	780	332082	7390765
037	100	21	332330	7391171
037	036	129	332720	7390951
037	005	287	332259	7391504
037	025	641	332246	7390756
037	032	1278	332167	7390488
037	023	999	331921	7390620
037	038	1161	332281	7390499
037	010	209	331761	7390963
037	104	377	331867	7390837
037	024	839	332059	7390675
037	047	1164	333033	7390571
037	017	115	332384	7391182
037	039	616	332402	7390492
037	045	57	332715	7390530
037	037	1100	331930	7390306
037	010	183	331761	7390980
037	056	99	333049	7390180
037	056	303	332949	7390031
037	056	175	333002	7390105
037	026	429	332436	7390844
037	029	1213	331827	7390468
037	050	376	332316	7389883
037	089	142	331976	7391551
037	023	546	331919	7390554
037	102	497	331899	7390978
037	029	1275	331845	7390414
037	093	704	331863	7391279
037	023	1021	331900	7390613
037	029	1586	331872	7390403
037	025	575	332310	7390777
037	037	1034	332016	7390324
037	044	1005	332694	7390397
037	044	130	332703	7390435
038	071	32	332983	7391066
038	106	154	332964	7391225
038	083	250	333089	7390877
038	106	166	332973	7391225
038	044	491	332884	7391409
038	044	199	332794	7391575
038	044	394	332834	7391533
038	059	182	333217	7391460
038	078	570	333448	7391278
038	078	648	333552	7391190
038	102	502	333531	7390972
038	044	732	333007	7391871
038	089	549	333534	7391295
038	102	232	333616	7390959
038	074	360	333217	7391211
038	085	31	333316	7391002
038	073	261	333149	7391005
038	032	667	332950	7391943
038	040	84	332773	7391734
038	091	1009	332994	7390742
038	051	70	332685	7391525
038	069	438	332824	7391360
038	039	234	332810	7391814
038	085	25	333317	7391005
038	040	126	332815	7391749
038	089	541	333529	7391292
038	044	649	332966	7391434
038	101	230	333548	7390855
038	078	455	333417	7391234
038	050	1110	332649	7391609
038	069	77	332831	7391298
038	089	754	333567	7391304
038	071	38	332962	7391056
038	106	12	332989	7391209
038	031	513	332804	7391990
038	071	76	332985	7391034
038	091	2740	333038	7390678
038	091	1061	333025	7390698
038	102	527	333621	7390859
038	107	1	333020	7391255
038	083	291	333064	7390912
038	101	445	333557	7390820
038	106	22	332998	7391193
038	059	76	333185	7391544
038	090	729	333605	7391143
038	044	629	333006	7391627
038	106	138	332939	7391215
038	102	620	333655	7391057
038	091	999	332990	7390748
038	044	167	332841	7391671
038	073	162	333170	7391006
038	082	939	332964	7390803
038	045	882	333158	7391842
038	044	730	333088	7391750
038	044	953	333074	7391735
038	105	2279	332897	7391151
038	106	176	332984	7391236
038	078	542	333370	7391318
038	075	480	333320	7391279
038	044	709	332997	7391471
038	090	659	333535	7391143
038	106	148	332952	7391215
038	044	611	333013	7391658
038	089	772	333589	7391269
038	040	128	332820	7391742
038	030	442	332736	7391953
038	112	760	333045	7391549
038	016	139	332461	7392097
038	044	537	332973	7391624
038	102	248	333659	7390974
038	050	1070	332653	7391649
038	051	34	332636	7391536
038	093	430	333197	7390845
038	073	269	333151	7390995
038	073	128	333216	7391022
038	044	673	332991	7391448
038	044	467	332855	7391428
038	059	224	333246	7391430
038	072	218	333078	7391047
038	044	69	332919	7391856
038	072	262	333085	7390944
038	101	126	333456	7390807
038	030	249	332824	7391864
038	085	35	333310	7391011
038	050	1126	332656	7391578
039	025	1200	334995	7391302
039	139	253	334842	7390965
039	180	233	333909	7389924
039	048	257	334239	7390779
039	076	238	333388	7390492
039	145	453	334046	7390642
039	076	320	333452	7390456
039	145	554	334157	7390451
039	071	75	333756	7390430
039	013	530	334630	7391354
039	079	133	333366	7390203
039	016	717	333724	7391153
039	026	175	334999	7391157
039	174	270	334202	7390018
039	139	64	334634	7391152
039	080	68	333638	7390363
039	076	3111	333367	7390469
039	014	676	334771	7391348
039	158	181	334492	7390231
039	068	377	333637	7390736
039	068	472	333645	7390751
039	025	35	334923	7391223
039	144	591	333989	7390480
039	186	30	333685	7390070
039	186	20	333670	7390097
039	065	101	333305	7390599
039	139	94	334602	7391227
039	065	87	333287	7390609
039	030	2340	333890	7391030
039	071	2999	333765	7390461
039	185	21	333865	7389892
039	145	80	334148	7390613
039	041	109	335089	7391133
039	071	89	333690	7390390
039	173	138	333900	7389727
039	184	360	334029	7389828
039	180	71	333740	7390060
039	069	594	333638	7390625
039	139	48	334563	7391177
039	078	3543	333167	7390279
039	187	236	334000	7389709
039	139	162	334705	7391146
039	165	84	334046	7390106
039	160	101	334246	7389735
039	145	622	334135	7390512
039	019	2042	334134	7391210
039	028	265	333708	7390959
039	180	221	333892	7389959
039	181	484	334010	7389891
039	148	211	334306	7390556
039	086	444	334215	7390365
039	024	232	334979	7391070
039	032	114	334136	7391067
039	041	175	335045	7391094
039	151	215	334500	7390537
039	024	112	334929	7391121
039	184	247	334060	7389810
039	041	65	335107	7391156
039	077	163	333357	7390559
039	077	187	333387	7390553
039	068	361	333627	7390725
039	044	2634	333870	7390735
039	048	254	334159	7390829
039	077	231	333412	7390543
039	151	343	334488	7390449
039	188	80	333861	7389824
039	077	76	333384	7390574
039	086	458	334204	7390379
039	071	129	333711	7390360
039	011	208	334313	7391346
039	144	653	333969	7390435
039	182	670	334167	7389840
039	025	13	334888	7391237
039	068	466	333624	7390757
039	068	476	333645	7390741
039	048	200	334103	7390813
039	151	225	334502	7390530
039	075	3106	333329	7390431
039	148	41	334429	7390552
039	079	115	333391	7390217
039	145	314	334305	7390739
039	171	175	334419	7389977
039	079	75	333326	7390190
039	183	52	334259	7389797
039	079	3366	333486	7390259
039	180	183	333859	7389975
039	080	84	333648	7390345
039	068	381	333649	7390730
039	068	486	333646	7390739
039	030	2362	333869	7391016
039	137	3879	333743	7389871
039	068	341	333608	7390718
039	065	77	333349	7390612
039	043	147	333810	7390795
039	079	3432	333469	7390196
039	186	3645	333583	7390045
039	038	148	334724	7390979
039	079	97	333418	7390221
039	079	49	333460	7390233
039	043	75	333803	7390714
039	071	103	333698	7390375
039	152	1082	334694	7390716
039	163	211	333839	7390130
039	078	98	333412	7390286
039	171	69	334442	7390082
039	180	123	333808	7390006
039	148	71	334401	7390553
039	086	448	334212	7390379
039	144	637	333982	7390459
039	071	55	333668	7390395
039	086	454	334208	7390375
039	073	3054	333297	7390486
039	019	2112	334092	7391152
039	076	264	333418	7390477
039	163	245	333846	7390097
039	171	197	334417	7389958
039	036	438	334461	7391091
039	148	11	334449	7390557
039	075	3086	333316	7390450
039	174	290	334253	7390010
039	020	293	334314	7391115
039	187	254	334095	7389678
039	048	274	334181	7390807
039	069	634	333642	7390588
039	044	62	333830	7390743
039	043	625	333699	7390602
039	077	100	333414	7390573
039	071	107	333701	7390373
039	068	349	333617	7390726
039	180	165	333838	7389987
039	178	655	334205	7389881
039	069	666	333637	7390555
039	076	348	333477	7390441
039	077	303	333494	7390515
039	080	3111	333584	7390364
039	074	14	333151	7390365
040	079	453	336255	7390656
040	079	451	336255	7390645
040	119	1627	336039	7390156
040	098	35	336031	7390335
040	136	524	336556	7390049
040	099	178	336159	7390385
040	180	226	335037	7390530
040	166	70	335034	7390855
040	178	72	335126	7390601
040	166	28	334998	7390883
040	074	1010	335911	7390761
040	032	409	335322	7391154
040	166	39	334979	7390850
040	079	350	336215	7390709
040	190	473	334916	7390237
040	135	2451	336389	7390009
040	040	139	336049	7391257
040	135	402	336435	7390049
040	122	387	336433	7390111
040	112	764	336436	7390237
040	112	422	336425	7390297
040	188	505	335170	7390396
040	188	491	335181	7390410
040	023	126	335898	7391478
040	083	676	335502	7390578
040	133	162	336199	7390038
040	053	491	336536	7391063
040	063	49	335464	7390789
040	091	948	336524	7390612
040	112	348	336356	7390305
040	186	1501	334836	7390301
040	200	52	335318	7390239
040	090	566	336379	7390590
040	027	650	336421	7391538
040	200	766	335339	7390199
040	195	617	334832	7390115
040	137	614	336647	7390063
040	134	407	336347	7389938
040	108	670	335924	7390273
040	217	1160	335457	7389784
040	001	594	335176	7391320
040	078	333	336136	7390621
040	089	410	336212	7390592
040	095	459	335711	7390310
040	086	1250	335955	7390523
040	211	1026	335444	7389910
040	014	247	336409	7391853
040	089	450	336258	7390605
040	025	944	336204	7391516
040	102	1100	336537	7390441
040	180	130	335082	7390540
040	135	352	336383	7390040
040	199	451	335168	7389852
040	183	163	335100	7390478
040	023	162	335937	7391487
040	089	2065	336211	7390474
040	078	1888	336144	7390635
040	003	448	335287	7391410
040	121	2362	336342	7390097
040	186	1295	334783	7390412
040	092	1510	336664	7390615
040	092	1508	336631	7390615
040	027	656	336428	7391542
040	117	564	335891	7390139
040	080	525	336326	7390642
040	200	96	335352	7390233
040	056	510	335996	7390936
040	124	844	336638	7390203
040	185	509	335327	7390521
040	057	618	336108	7390935
040	056	913	335969	7390849
040	203	758	334933	7390008
040	080	581	336382	7390665
040	110	2258	336200	7390283
040	216	632	335354	7389821
040	058	1605	336175	7390938
040	089	2045	336220	7390496
040	118	1686	336007	7390086
040	043	26	335946	7391200
040	135	378	336406	7390063
040	005	196	335480	7391581
040	080	354	336414	7390639
040	151	568	335488	7390663
040	074	62	335840	7390633
040	117	580	335893	7390112
040	137	674	336703	7390090
040	077	134	335999	7390690
040	138	53	336086	7390069
040	092	1544	336650	7390589
040	193	656	335340	7390318
040	160	1200	336637	7390935
040	079	455	336260	7390648
040	166	62	335027	7390860
040	014	265	336414	7391850
040	178	280	335127	7390637
040	014	257	336412	7391843
040	002	463	335223	7391508
040	002	471	335218	7391506
040	092	1604	336671	7390531
040	092	1059	336580	7390502
040	096	370	335876	7390322
040	107	608	335871	7390265
040	129	563	335850	7389729
040	122	622	336422	7390183
040	079	435	336241	7390650
040	013	518	336406	7391592
040	060	75	336459	7390947
040	098	1650	336081	7390397
040	192	165	335259	7390342
040	011	808	336184	7391651
040	077	136	336004	7390690
040	122	367	336399	7390106
040	110	2282	336195	7390258
040	200	66	335331	7390229
040	200	746	335342	7390216
040	014	255	336410	7391849
040	066	158	336002	7390823
040	074	976	335930	7390796
040	191	282	335144	7390297
040	056	171	336010	7390862
040	046	1262	336231	7391194
040	181	55	335162	7390571
040	155	796	335240	7391266
040	185	477	335309	7390540
040	081	681	336482	7390664
040	091	549	336537	7390507
040	177	363	334921	7390586
040	097	309	335909	7390379
040	118	1634	336002	7390138
040	004	521	335382	7391506
040	092	673	336663	7390526
040	215	538	335257	7389816
040	078	1916	336167	7390625
040	079	461	336263	7390642
040	181	410	335211	7390547
040	079	354	336232	7390709
040	204	830	335425	7390112
040	089	297	336288	7390488
040	025	334	336120	7391508
040	057	624	336116	7390962
040	048	940	336568	7391181
040	201	152	335409	7390241
040	181	45	335171	7390584
040	168	171	335143	7390831
040	150	295	335428	7391469
040	058	351	336198	7390897
040	183	197	335082	7390453
040	091	481	336460	7390513
040	038	515	335934	7391257
040	092	1586	336651	7390543
040	199	421	335142	7389848
040	011	397	336161	7391560
040	089	2055	336231	7390492
040	002	539	335177	7391430
040	133	138	336171	7390027
040	133	114	336153	7390027
040	110	1831	336153	7390240
040	208	787	334918	7389968
040	113	1302	336553	7390260
040	176	392	334861	7390596
040	056	909	335969	7390865
040	112	607	336401	7390220
040	109	1557	336051	7390213
040	172	247	334984	7390691
040	097	663	335913	7390291
040	035	183	335447	7391053
040	108	714	335969	7390281
040	082	821	336569	7390749
041	013	508	329892	7389804
041	084	249	329947	7389049
041	160	1081	329740	7388496
041	003	1149	329325	7389688
041	063	73	330014	7389283
041	007	432	329610	7389847
041	084	240	329943	7389095
041	094	86	329255	7389068
041	136	1082	329619	7388600
041	094	1753	329235	7389089
041	094	68	329252	7389081
041	150	251	330789	7388736
041	079	307	329459	7388965
041	210	317	330316	7388079
041	087	300	330295	7389089
041	225	1416	330073	7387773
041	157	1221	329569	7388473
041	174	336	329321	7388263
041	152	217	329270	7388378
041	029	747	329471	7389538
041	015	143	329824	7389646
041	163	191	329956	7388537
041	060	186	329815	7389206
041	160	699	329738	7388433
041	030	204	329436	7389411
041	242	448	330014	7387514
041	003	900	329343	7389649
041	280	95	329633	7389485
041	127	263	330746	7388846
041	076	720	329375	7389279
041	225	1424	330069	7387759
041	127	155	330725	7388802
041	012	900	329730	7389626
041	012	586	329658	7389607
041	091	2364	330668	7389076
041	171	402	330873	7388605
041	159	700	329690	7388386
041	035	80	329934	7389459
041	230	1428	330340	7387911
041	188	866	330432	7388194
041	287	191	330056	7389505
041	030	226	329418	7389404
041	229	1500	330306	7387868
041	171	596	330880	7388558
041	120	462	330118	7388959
041	030	212	329443	7389398
041	122	667	330301	7388866
041	016	441	329944	7389863
041	005	676	329517	7389735
041	078	160	329317	7389160
041	135	1346	329441	7388406
041	029	205	329443	7389462
041	280	59	329627	7389517
041	229	1542	330267	7387827
041	178	1440	329682	7388080
041	031	78	329593	7389500
041	079	102	329472	7388945
041	064	187	330097	7389179
041	127	170	330774	7388852
041	035	295	329934	7389510
041	008	661	329574	7389740
041	210	323	330322	7388071
041	230	1115	330308	7387969
041	127	133	330699	7388823
041	035	513	329895	7389459
041	230	1109	330311	7387975
041	135	351	329402	7388413
041	127	147	330709	7388807
041	082	307	329768	7389060
041	196	203	329328	7388103
041	061	685	329820	7389294
041	012	550	329690	7389600
041	280	140	329710	7389479
041	035	108	329925	7389439
041	284	1041	329295	7388518
041	178	1400	329693	7388094
041	088	319	330366	7389115
041	102	412	330386	7389008
041	097	91	329504	7388935
041	089	479	330473	7389012
041	084	246	329949	7389108
041	171	460	330922	7388571
041	012	882	329746	7389655
041	229	427	330246	7387832
041	229	423	330250	7387844
041	287	173	330079	7389504
041	034	550	329805	7389422
041	229	1556	330268	7387815
041	036	26	330067	7389368
041	154	382	329389	7388353
041	031	132	329577	7389433
041	008	637	329577	7389768
041	178	1464	329667	7388062
041	055	272	329402	7389351
041	084	258	329957	7389086
041	084	252	329953	7389089
041	084	320	330002	7389055
041	291	663	329547	7388792
041	095	190	329411	7388902
041	151	435	330930	7388622
041	281	217	329646	7389447
041	280	473	329755	7389528
041	225	1410	330078	7387780
041	102	478	330434	7388972
041	082	176	329838	7389045
041	287	155	330091	7389478
041	013	180	329862	7389826
041	097	379	329523	7388917
041	002	639	329405	7389828
041	061	18	329892	7389304
041	211	1011	330377	7388053
041	127	185	330743	7388794
041	094	104	329264	7389051
041	179	162	329708	7388246
041	127	162	330768	7388857
041	057	194	329566	7389390
041	084	230	329938	7389115
041	125	44	330597	7388839
041	287	177	330062	7389482
041	286	219	330018	7389502
041	014	819	329800	7389703
041	188	868	330423	7388194
041	099	236	329880	7388993
041	230	400	330347	7387995
041	084	298	329984	7389067
041	188	878	330427	7388182
041	014	570	329861	7389736
041	051	641	331442	7389861
041	281	421	329641	7389422
041	284	205	329279	7388499
041	017	583	329921	7389723
041	188	888	330412	7388182
041	078	29	329254	7389146
041	031	327	329551	7389439
041	279	1855	329445	7387737
041	176	508	329443	7388154
041	002	626	329409	7389747
041	035	475	329912	7389486
041	057	216	329567	7389346
041	168	522	330650	7388462
041	225	1448	330054	7387757
041	017	52	329925	7389690
041	127	154	330762	7388865
041	198	1612	329577	7387949
041	035	489	329905	7389473
041	088	267	330304	7389156
041	194	40	329189	7388162
041	035	126	329917	7389420
041	035	116	329921	7389433
041	003	912	329334	7389639
041	003	1215	329319	7389642
041	013	657	329820	7389861
041	170	744	330793	7388442
041	170	740	330795	7388443
041	035	497	329902	7389463
041	220	1707	329539	7387851
041	014	743	329799	7389775
041	135	335	329386	7388427
041	158	1351	329564	7388288
041	017	85	329967	7389746
041	085	144	330022	7389177
041	152	180	329235	7388466
041	012	530	329714	7389601
041	094	134	329287	7389031
041	240	170	329801	7387695
041	017	547	329925	7389754
041	166	100	330446	7388490
041	225	1468	330028	7387751
041	154	372	329382	7388366
041	035	307	329926	7389532
041	229	395	330232	7387853
041	016	50	329994	7389810
041	006	804	329442	7389624
041	240	180	329807	7387692
041	014	130	329834	7389700
041	283	374	329731	7389401
041	197	261	329372	7388058
041	188	856	330435	7388200
041	162	248	329988	7388452
041	189	780	330481	7388259
041	085	263	329989	7389130
041	076	324	329427	7389278
041	158	104	329658	7388274
041	122	641	330285	7388879
041	005	601	329460	7389769
041	225	295	330002	7387743
041	015	428	329807	7389584
041	163	199	329987	7388526
041	241	268	329875	7387639
041	224	318	329970	7387696
041	031	110	329586	7389469
041	003	752	329396	7389637
041	158	611	329588	7388256
041	104	87	330742	7388935
041	060	26	329774	7389222
041	093	1282	331270	7389027
041	002	1047	329351	7389791
041	014	223	329800	7389788
041	088	309	330338	7389140
041	152	155	329206	7388426
041	009	769	329566	7389637
041	222	88	329809	7387839
041	002	616	329411	7389759
041	211	971	330400	7388080
041	135	1212	329526	7388506
041	188	898	330404	7388167
041	095	262	329388	7388966
041	035	311	329920	7389523
041	089	433	330445	7389048
041	051	663	331428	7389842
041	178	1450	329676	7388064
041	178	1456	329672	7388065
041	056	600	329478	7389287
041	202	693	329542	7389548
041	122	685	330316	7388852
041	104	70	330763	7388983
041	091	2354	330659	7389084
041	288	103	330147	7389484
042	022	323	332567	7389669
042	135	779	333790	7388830
042	134	636	333630	7388889
042	118	60	333974	7389095
042	135	898	333902	7388890
042	129	113	332718	7389022
042	107	2781	333092	7389004
042	144	692	332300	7388834
042	059	214	333744	7389320
042	044	222	331977	7389505
042	104	182	332888	7389244
042	045	929	332067	7389548
042	116	150	333843	7388998
042	134	611	333625	7388827
042	110	393	333401	7388947
042	022	406	332594	7389582
042	040	33	333779	7389723
042	040	1	333687	7389720
042	040	179	333833	7389665
042	047	671	332346	7389522
042	014	3812	333659	7389877
042	164	188	333821	7389439
042	044	1050	331953	7389491
042	135	778	333733	7388888
042	013	100	333488	7389921
042	060	311	333815	7389344
042	135	806	333805	7388887
042	012	83	333220	7390058
042	046	775	332228	7389533
042	143	870	332140	7388833
042	014	21	333558	7389957
042	053	100	333112	7389540
042	013	248	333633	7389819
042	119	77	334069	7389126
042	007	470	332676	7389707
042	013	104	333546	7389860
042	116	32	333874	7389117
042	044	214	331978	7389520
042	129	103	332727	7389022
042	013	220	333372	7389975
042	008	445	332756	7389712
042	115	433	333714	7389104
042	134	584	333572	7388899
042	132	267	333273	7388828
042	007	60	332635	7389703
042	071	625	332545	7389340
042	054	107	333291	7389336
042	208	1248	334201	7389290
042	107	115	333120	7388959
042	064	1388	331621	7389358
042	044	1032	331971	7389463
042	185	307	334038	7388832
042	039	72	333806	7389638
042	113	603	333616	7388953
042	029	255	333258	7389475
042	068	687	332141	7389420
042	075	29	332869	7389380
042	061	621	333814	7389278
042	039	301	333921	7389540
042	065	1222	331778	7389361
042	119	41	334046	7389105
042	095	880	332086	7389198
042	186	675	334391	7389436
042	107	87	333091	7388963
042	136	952	333953	7388912
042	188	579	334325	7389474
042	143	932	332059	7388834
042	104	159	332843	7389240
042	130	379	332860	7389021
042	130	413	332859	7388993
042	144	668	332325	7388833
042	149	3093	333050	7388700
042	149	3111	333049	7388689
042	058	239	333753	7389359
042	053	44	333050	7389560
042	013	340	333463	7389985
042	143	1000	332011	7388830
042	060	828	333832	7389386
042	007	460	332676	7389710
042	129	119	332711	7389013
042	044	1040	331963	7389473
042	067	980	332024	7389326
042	104	129	332871	7389238
042	044	173	331892	7389572
042	013	76	333482	7389957
042	132	235	333246	7388827
042	199	682	331799	7389061
042	018	912	332086	7389621
042	007	38	332654	7389709
042	143	928	332073	7388833
042	130	317	332847	7389084
042	048	477	332523	7389520
042	017	1104	331912	7389638
042	149	98	333106	7388755
042	061	785	333965	7389258
042	007	462	332676	7389717
042	044	250	331975	7389486
042	053	578	333147	7389498
042	068	685	332141	7389412
042	130	305	332847	7389111
042	149	864	333079	7388696
042	132	250	333253	7388904
042	062	963	334130	7389328
042	011	127	333213	7389963
042	021	500	332507	7389589
042	021	181	332516	7389649
042	201	605	331857	7389139
042	133	429	333440	7388822
042	054	246	333252	7389428
042	012	103	333235	7390061
042	007	30	332661	7389702
042	143	958	332042	7388833
042	022	434	332569	7389571
042	013	228	333364	7390030
042	007	454	332676	7389704
042	044	1087	331912	7389549
042	135	844	333837	7388888
042	128	118	332715	7389058
042	132	254	333253	7388847
042	059	565	333745	7389288
042	045	917	332096	7389540
042	056	604	333611	7389415
042	054	252	333259	7389425
042	014	221	333631	7389856
042	038	266	333876	7389509
042	133	317	333327	7388806
042	159	45	333997	7388677
042	141	1133	331865	7388916
042	158	852	333864	7388769
042	066	395	331885	7389350
042	022	31	332660	7389668
042	143	826	332173	7388827
042	054	65	333262	7389341
042	020	700	332308	7389588
042	056	85	333599	7389381
042	021	452	332535	7389572
042	048	513	332486	7389516
042	133	470	333478	7388883
042	055	293	333478	7389328
042	127	227	332591	7389010
042	058	722	333719	7389378
042	022	448	332558	7389565
042	144	722	332273	7388831
042	065	368	331824	7389383
042	013	3950	333729	7389807
042	011	96	333230	7389961
042	157	42	333802	7388760
042	115	394	333692	7389016
042	011	122	333245	7389975
042	007	424	332669	7389743
042	007	432	332669	7389740
042	007	450	332667	7389722
042	056	596	333600	7389410
042	115	659	333668	7388950
042	053	552	333146	7389511
042	131	114	333124	7388896
042	149	858	333088	7388694
042	017	59	331900	7389675
042	056	552	333561	7389416
042	087	209	333784	7389195
042	044	231	331886	7389495
042	012	171	333301	7390068
042	043	224	331839	7389518
042	134	621	333645	7388837
042	044	212	331978	7389524
042	159	397	333998	7388754
042	007	434	332668	7389740
042	013	126	333497	7389900
042	007	472	332674	7389683
042	149	876	333069	7388672
042	044	1080	331917	7389490
042	115	441	333692	7389104
042	202	719	331859	7389024
042	007	478	332680	7389704
042	029	200	333194	7389548
042	143	894	332110	7388833
042	159	403	333996	7388740
042	007	46	332648	7389702
042	111	455	333465	7388952
042	117	165	333894	7388977
042	013	172	333538	7389824
042	029	264	333270	7389565
042	185	285	334026	7388869
042	157	780	333790	7388769
042	044	204	331973	7389533
042	011	142	333278	7389959
042	075	58	332884	7389348
042	102	277	332729	7389233
042	007	442	332668	7389732
042	141	1073	331927	7388917
042	133	489	333497	7388816
042	018	105	332028	7389619
042	044	240	331975	7389485
042	076	57	332932	7389349
042	045	980	332029	7389470
042	125	70	332440	7389064
042	149	3083	333049	7388707
042	159	67	334023	7388676
042	012	3490	333474	7390139
042	202	747	331857	7388998
042	021	362	332536	7389628
042	103	220	332807	7389200
042	086	220	333736	7389189
042	134	543	333562	7388832
042	064	1366	331645	7389359
042	029	611	333197	7389469
042	013	48	333507	7389995
042	014	101	333536	7389936
042	065	370	331822	7389350
042	012	233	333362	7390069
042	165	50	333220	7389272
042	138	1145	331434	7389019
042	008	395	332757	7389761
042	131	127	333148	7388824
042	073	805	332711	7389373
042	112	525	333538	7388958
042	074	66	332806	7389338
042	191	4382	334156	7389598
042	181	4900	334533	7389852
042	064	763	331606	7389365
042	116	773	333801	7388967
042	104	212	332883	7389202
042	131	96	333110	7388884
042	144	620	332369	7388833
042	144	648	332341	7388832
042	134	585	333599	7388828
042	164	210	333831	7389505
042	196	1393	331606	7388912
042	066	317	331892	7389422
042	020	648	332358	7389602
042	044	254	331982	7389479
042	058	40	333767	7389369
042	011	66	333215	7389914
042	048	539	332465	7389514
042	044	236	331976	7389501
042	139	730	331790	7389010
042	129	420	332797	7388969
042	001	252	331813	7389826
043	011	1416	335415	7389570
043	158	253	335702	7388285
043	114	659	335502	7388677
043	132	154	335990	7388490
043	057	79	336236	7389458
043	042	1502	335486	7389458
043	067	3	335588	7389188
043	029	25	335463	7389573
043	074	300	336156	7389111
043	012	356	335442	7389758
043	114	2202	335562	7388723
043	029	1383	335458	7389596
043	044	556	335608	7389472
043	072	73	335908	7389296
043	080	123	336366	7389238
043	065	1640	335504	7389282
043	179	229	335581	7387977
043	096	655	335876	7388933
043	064	179	335448	7389141
043	106	538	335902	7388832
043	082	25	335258	7388868
043	059	3039	336323	7389511
043	064	303	335460	7389099
043	091	106	336354	7389223
043	128	146	335780	7388618
043	092	157	335407	7388907
043	029	1343	335450	7389643
043	028	1592	335404	7389379
043	033	1082	335959	7389619
043	033	1076	335959	7389635
043	107	82	336023	7388807
043	121	306	336197	7388637
043	074	82	336034	7389296
043	104	2131	335588	7388819
043	086	1866	335747	7389069
043	086	1862	335749	7389072
043	139	872	335470	7388464
043	028	1580	335406	7389394
043	028	314	335396	7389520
043	070	88	335865	7389269
043	005	310	335040	7389798
043	033	503	335931	7389632
043	132	406	336011	7388522
043	037	2839	336289	7389718
043	139	150	335437	7388447
043	095	364	335694	7388974
043	034	2100	336067	7389645
043	089	417	336249	7389025
043	128	97	335712	7388579
043	064	354	335493	7389177
043	132	128	335990	7388513
043	091	3409	336361	7389149
043	075	197	336169	7389251
043	143	292	335816	7388403
043	034	585	336034	7389641
043	139	184	335473	7388488
043	029	1409	335449	7389548
043	053	2382	336148	7389410
043	120	216	336137	7388685
043	033	1010	335952	7389675
043	053	2338	336125	7389451
043	068	565	335692	7389262
043	008	158	335250	7389724
043	081	74	335241	7389056
043	042	1416	335482	7389526
043	042	1394	335476	7389540
043	021	239	336298	7389826
043	008	180	335270	7389725
043	060	6173	335159	7389130
043	017	727	336020	7389763
043	081	98	335260	7389054
043	036	2315	336185	7389739
043	055	2564	336171	7389489
043	156	274	335569	7388379
043	076	24	336182	7389418
043	181	742	335782	7387782
043	077	31	336229	7389334
043	146	420	335983	7388393
043	043	1605	335534	7389332
043	083	9	335350	7388979
043	023	37	335119	7389532
043	065	319	335450	7389229
043	149	502	336323	7388490
043	066	465	335597	7389256
043	055	2572	336173	7389495
043	086	528	335695	7389079
043	072	31	335900	7389331
043	066	429	335560	7389240
043	020	2235	336176	7389810
043	033	580	335867	7389689
043	064	1752	335516	7389201
043	198	380	335887	7388282
043	029	1339	335448	7389647
043	024	5841	335135	7389433
043	132	341	335929	7388470
043	077	57	336254	7389342
043	033	1066	335956	7389619
043	158	231	335674	7388300
043	028	326	335410	7389522
043	014	550	335655	7389736
043	081	6287	335203	7389028
043	132	384	335992	7388498
043	070	46	335865	7389316
043	029	1337	335447	7389655
043	071	1797	335801	7389121
043	074	94	336046	7389275
043	155	110	335477	7388245
043	145	252	335946	7388399
043	127	1407	335661	7388634
043	056	2473	336194	7389588
043	104	386	335631	7388845
043	013	1217	335532	7389728
043	157	523	335776	7388318
043	011	1388	335418	7389595
043	121	310	336205	7388633
043	069	558	335692	7389214
043	079	224	336384	7389427
043	064	171	335449	7389167
043	107	623	335968	7388755
043	132	139	335932	7388497
043	033	473	335911	7389628
043	096	546	335871	7388982
043	132	149	335918	7388505
043	081	88	335250	7389040
043	198	701	335847	7388170
043	065	359	335491	7389241
043	012	378	335468	7389741
043	108	856	336093	7388881
043	093	1992	335545	7388967
043	042	1701	335383	7389283
043	077	3158	336269	7389373
043	033	630	335926	7389691
043	124	812	335459	7388523
043	036	166	336227	7389762
043	132	144	335979	7388498
043	154	197	335472	7388351
043	039	137	335244	7389205
043	124	135	335421	7388518
043	067	900	335606	7389151
043	102	114	335375	7388819
043	085	404	335579	7389040
043	158	327	335758	7388269
043	103	300	335530	7388831
043	106	2075	335848	7388844
043	105	2130	335775	7388788
043	085	434	335593	7389071
043	080	3307	336342	7389240
043	074	78	336049	7389304
043	155	130	335489	7388269
043	172	110	335691	7388074
043	179	197	335562	7388001
043	067	401	335579	7389126
043	085	464	335616	7389076
043	132	133	335923	7388511
043	054	2157	336118	7389635
043	033	507	335945	7389632
043	044	88	335525	7389550
043	036	135	336211	7389709
043	132	129	335933	7388519
043	091	114	336360	7389205
043	084	199	335506	7388999
043	181	103	335712	7387721
045	137	932	332035	7387656
045	146	332	330706	7388146
045	229	285	330244	7387676
045	116	1028	332282	7387983
045	151	888	331114	7387785
045	067	617	331083	7388335
045	140	380	332372	7387694
045	077	672	332129	7388290
045	168	783	330740	7387858
045	019	181	332819	7388767
045	197	1464	330434	7387847
045	021	123	332874	7388674
045	213	525	330321	7387785
045	339	732	332176	7387458
045	260	1240	330696	7387092
045	282	364	332242	7388161
045	105	883	330855	7388257
045	260	1264	330712	7387084
045	145	202	332677	7387611
045	082	609	332606	7388231
045	169	662	330881	7387833
045	169	752	330841	7387777
045	223	1724	331285	7387041
045	140	268	332368	7387769
045	337	1652	331259	7386770
045	019	245	332750	7388759
045	013	927	332052	7388739
045	289	45	331855	7388586
045	298	63	332411	7387964
045	038	188	332451	7388534
045	304	632	330378	7387664
045	048	860	331278	7388390
045	178	1247	331765	7387653
045	061	146	332673	7388354
045	077	764	332035	7388286
045	035	1595	332343	7388647
045	210	689	331484	7387362
045	115	711	332117	7387825
045	085	728	330919	7388409
045	247	1331	330799	7387080
045	022	546	331137	7388679
045	167	684	330718	7387987
045	028	10	331557	7388614
045	141	222	332301	7387748
045	124	960	330771	7388229
045	087	651	331042	7388236
045	141	242	332302	7387718
045	141	258	332301	7387700
045	208	177	331359	7387232
045	184	965	330629	7387823
045	201	961	330724	7387590
045	048	882	331286	7388371
045	190	64	331373	7387337
045	084	234	332750	7388106
045	289	37	331843	7388591
045	021	31	332972	7388770
045	013	907	332077	7388746
045	298	262	332440	7387911
045	016	381	332487	7388749
045	309	1659	331629	7387679
045	013	865	332124	7388754
045	117	979	332352	7387968
045	066	509	331018	7388407
045	023	588	331185	7388651
045	016	401	332481	7388734
045	019	161	332830	7388769
045	168	821	330728	7387927
045	084	280	332700	7388119
045	287	226	332381	7388096
045	141	1257	332269	7387696
045	246	1193	330683	7387146
045	182	1289	330476	7387990
045	063	49	332811	7388345
045	014	701	332279	7388754
045	078	181	332265	7388350
045	021	3124	332959	7388672
045	214	649	330425	7387695
045	168	799	330747	7387897
045	087	664	331093	7388276
045	206	1614	331271	7387214
045	181	1595	331885	7387329
045	206	1554	331230	7387241
045	313	1569	331220	7386846
045	125	437	330805	7388122
045	309	1675	331633	7387666
045	055	434	332363	7388439
045	077	148	332224	7388378
045	197	1443	330364	7387874
045	017	228	332549	7388701
045	016	196	332553	7388731
045	308	575	332236	7388275
045	105	536	330924	7388259
045	166	1169	330551	7388079
045	015	573	332425	7388765
045	063	117	332766	7388294
045	013	835	332160	7388760
045	147	631	330703	7388062
045	047	775	331201	7388391
045	013	851	332138	7388752
045	286	800	332456	7388129
045	035	1601	332335	7388632
045	141	234	332301	7387730
045	028	36	331564	7388593
045	214	1597	330386	7387721
045	117	1079	332297	7387919
045	156	1597	331614	7387737
045	132	1500	331500	7387810
045	309	1681	331637	7387660
045	169	903	330830	7387775
045	332	363	331437	7388460
045	308	615	332196	7388279
045	018	409	332589	7388772
045	213	1596	330353	7387739
045	112	837	331619	7388029
045	094	297	332274	7388236
045	019	66	332819	7388740
045	062	130	332727	7388313
045	298	809	332499	7388071
045	302	1042	331357	7386819
045	055	480	332329	7388457
045	080	664	332534	7388232
045	070	1004	331339	7388260
045	052	214	331665	7388448
045	038	184	332453	7388519
045	332	405	331448	7388423
045	039	1313	332635	7388622
045	165	332	332550	7387575
045	165	330	332556	7387580
045	014	669	332315	7388754
045	016	509	332483	7388770
045	016	517	332478	7388780
045	157	1117	331710	7387771
045	290	494	331961	7388002
045	209	37	331443	7387352
045	146	282	330662	7388178
045	311	363	332482	7387827
045	240	286	330214	7387649
045	180	1399	331821	7387507
045	039	171	332479	7388508
045	229	265	330231	7387694
045	084	328	332657	7388089
045	145	90	332801	7387630
045	307	1133	330634	7387197
045	138	873	332125	7387673
045	284	184	332375	7388142
045	006	97	331353	7388711
045	282	408	332244	7388119
045	286	237	332416	7388091
045	251	892	330426	7387322
045	290	442	331940	7388032
045	130	989	331227	7387742
045	141	1229	332247	7387765
045	022	391	331052	7388688
045	022	393	331040	7388669
045	111	858	331569	7387988
045	088	741	331115	7388172
045	080	704	332511	7388196
045	048	844	331280	7388409
045	018	213	332600	7388723
045	106	650	331011	7388190
045	190	82	331377	7387354
045	073	557	331504	7388289
045	247	1321	330785	7387079
045	021	103	332896	7388764
045	077	816	331992	7388279
045	019	36	332845	7388752
045	021	77	332907	7388733
045	115	721	332121	7387825
045	298	258	332441	7387916
045	181	1024	331910	7387306
045	183	956	330604	7387868
045	067	802	331175	7388361
045	016	507	332488	7388765
045	148	773	330811	7387959
045	197	1375	330417	7387921
045	002	111	331234	7388878
045	098	56	332558	7388118
046	008	253	334877	7389159
046	091	87	334384	7388037
046	115	301	334692	7387838
046	091	83	334393	7388047
046	197	1022	334172	7388234
046	010	81	335100	7389054
046	202	5400	334760	7389663
046	060	738	334558	7388325
046	106	132	333993	7387932
046	229	370	334672	7387785
046	004	177	334941	7389278
046	113	306	334482	7387746
046	201	1922	334654	7387615
046	220	67	334691	7389174
046	087	220	334060	7388211
046	054	206	334155	7388593
046	207	1526	334304	7387595
046	025	283	334315	7388853
046	207	1348	334114	7387595
046	245	158	334319	7388997
046	245	170	334317	7388995
046	189	157	334662	7388002
046	224	74	334612	7389105
046	195	557	335092	7388291
046	207	1334	334105	7387605
046	207	1518	334295	7387587
046	008	12	334974	7389070
046	225	360	334713	7389036
046	225	364	334707	7389020
046	029	637	334522	7388431
046	106	246	333999	7387810
046	189	189	334673	7387976
046	109	170	334353	7387947
046	061	779	334592	7388213
046	061	851	334622	7388193
046	062	179	334912	7388468
046	107	580	334084	7387848
046	225	312	334736	7389064
046	091	1346	334445	7388004
046	113	307	334411	7387813
046	226	98	335121	7388148
046	064	77	335016	7388418
046	029	767	334634	7388360
046	113	381	334457	7387779
046	152	1108	334216	7387431
046	006	15	334978	7389204
046	029	459	334404	7388534
046	191	88	334610	7388049
046	010	63	335094	7389070
046	010	103	335106	7389035
046	202	254	334933	7389487
046	108	725	334172	7387708
046	195	573	335082	7388277
046	219	226	334925	7389340
046	010	6254	335145	7389045
046	010	6246	335142	7389045
046	225	480	334667	7388907
046	029	523	334450	7388490
046	204	5890	335113	7389396
046	191	1493	334587	7388057
046	191	1489	334585	7388060
046	004	205	334918	7389281
046	196	77	335108	7388190
046	006	146	334997	7389179
046	079	584	335016	7388271
046	011	353	334763	7389013
046	013	248	334942	7388947
046	245	156	334321	7389003
046	219	274	334870	7389384
046	009	112	335074	7389006
046	191	1505	334594	7388050
046	107	424	334076	7388008
046	008	114	334880	7389104
046	006	7	334971	7389215
046	006	11	334977	7389186
046	011	439	334725	7388958
046	151	1016	334123	7387385
046	010	6228	335134	7389070
046	245	148	334323	7389010
046	220	234	334720	7389172
046	151	1044	334148	7387396
046	010	6264	335150	7389029
046	008	92	334901	7389109
046	011	335	334795	7389010
046	029	785	334652	7388349
046	010	6238	335139	7389061
046	220	59	334806	7389336
046	191	1187	334328	7388182
046	029	843	334683	7388332
046	220	90	334805	7389279
046	010	6234	335137	7389054
046	011	214	334789	7389060
046	226	72	335090	7388156
046	241	119	335020	7388945
046	004	163	334954	7389269
046	202	1573	335003	7389412
046	006	138	335002	7389170
046	185	1020	334800	7388259
046	093	113	334523	7387953
046	054	99	334160	7388531
046	053	37	334125	7388582
046	160	68	334501	7387446
046	204	5782	335069	7389483
046	079	600	335013	7388260
046	229	351	334565	7387709
046	093	127	334524	7387925
046	029	421	334359	7388577
046	029	379	334336	7388591
046	093	131	334525	7387933
046	219	232	334922	7389357
046	059	622	334480	7388392
046	191	1259	334371	7388123
046	087	194	334059	7388243
046	060	750	334584	7388316
046	010	6260	335147	7389044
046	008	104	334925	7389110
046	107	127	334051	7387932
046	008	122	334874	7389106
046	225	390	334699	7389002
046	108	571	334148	7387869
046	029	497	334420	7388517
046	009	115	334993	7389112
046	219	1606	334969	7389384
046	225	448	334689	7388946
046	096	912	334899	7387957
046	008	108	334887	7389113
046	219	6052	335061	7389277
046	012	89	334896	7389063
046	054	119	334139	7388487
046	010	75	335098	7389066
046	245	116	334334	7389041
046	091	81	334380	7388048
046	010	97	335103	7389044
046	199	1118	334249	7388196
046	191	1367	334496	7388096
046	218	28	334771	7389359
046	135	449	334733	7387712
046	033	416	334781	7388570
047	060	285	333435	7387130
047	284	157	332431	7386353
047	146	615	332006	7386173
047	038	400	333398	7387424
047	097	468	333118	7386362
047	127	846	333380	7386589
047	041	2121	331606	7386829
047	118	294	332226	7386588
047	118	270	332262	7386585
047	287	351	332718	7387251
047	059	251	333370	7387225
047	035	325	333299	7387448
047	170	377	332304	7385819
047	039	1490	333597	7387586
047	179	806	333408	7385974
047	179	820	333428	7385978
047	177	707	333309	7386039
047	004	744	331650	7387145
047	170	237	332408	7385897
047	228	551	332058	7386218
047	284	137	332446	7386351
047	060	212	333363	7387131
047	042	1187	331690	7386905
047	034	70	333108	7387284
047	256	71	331482	7386706
047	036	282	333293	7387372
047	123	2229	332698	7386436
047	170	191	332428	7385941
047	269	1068	333346	7385723
047	038	420	333420	7387434
047	150	385	332217	7386278
047	203	445	332698	7385399
047	097	500	333141	7386341
047	132	703	331884	7386387
047	060	178	333308	7387122
047	066	727	333842	7387322
047	063	561	333645	7387357
047	080	1771	332779	7386883
047	237	365	333089	7386820
047	256	61	331480	7386741
047	238	274	333172	7386917
047	060	253	333410	7387120
047	039	621	333580	7387558
047	063	630	333663	7387428
047	253	55	333268	7386924
047	194	616	332517	7385634
047	172	156	332775	7386011
047	086	500	333661	7387164
047	211	44	332124	7387113
047	219	435	333109	7386440
047	237	163	333101	7386904
047	285	326	332631	7387280
047	256	1153	331316	7386711
047	014	102	332713	7387512
047	284	135	332438	7386368
047	006	1127	331823	7387242
047	097	411	333201	7386298
047	004	750	331651	7387135
047	256	1827	331444	7386676
047	237	379	333116	7386829
047	064	552	333656	7387289
047	006	1125	331835	7387245
047	033	75	333078	7387341
047	063	544	333593	7387388
047	057	81	333215	7387141
047	003	984	331564	7387072
047	238	543	333258	7386781
047	097	245	333027	7386250
047	287	373	332713	7387223
047	284	93	332492	7386332
047	126	400	333081	7386548
047	194	686	332514	7385564
047	097	444	333091	7386354
047	187	205	332388	7385674
047	211	154	332164	7387017
047	233	206	333388	7387054
047	176	594	333206	7385987
047	139	2908	332363	7386347
047	175	541	333136	7386036
047	080	1737	332781	7386923
047	174	400	332985	7385981
047	233	160	333359	7387015
047	253	22	333237	7386963
047	170	188	332308	7385782
047	022	892	331692	7387006
047	273	227	332201	7386945
047	040	724	333695	7387568
047	037	393	333373	7387484
047	179	892	333499	7386005
047	165	78	332321	7386863
047	176	578	333183	7385988
047	198	786	333062	7385737
047	170	285	332376	7385858
047	196	464	332715	7385758
047	170	125	332472	7385987
047	146	639	331978	7386201
047	060	197	333369	7387098
047	060	308	333447	7387191
047	185	392	332169	7385646
047	040	634	333605	7387523
047	174	260	332871	7385996
047	036	304	333318	7387387
047	076	101	332331	7386826
047	220	681	333317	7386410
047	256	2064	331540	7386835
047	213	422	332437	7387390
047	235	40	332923	7386959
047	220	700	333364	7386339
047	002	1876	331474	7387049
047	014	134	332695	7387486
047	060	227	333387	7387106
047	020	2011	331528	7386893
047	050	291	332498	7387169
047	042	976	331721	7386936
047	273	807	332139	7387163
047	198	794	333068	7385730
047	028	533	332381	7387290
047	256	102	331532	7386722
047	285	140	332657	7387207
047	063	640	333673	7387433
047	084	270	333477	7386971
047	063	634	333669	7387450
047	014	136	332711	7387452
047	188	254	332420	7386003
047	176	538	333134	7385980
047	037	371	333352	7387460
047	273	133	332187	7387040
047	208	824	333159	7385504
047	097	253	333043	7386259
047	285	372	332664	7387256
047	255	1031	331393	7386799
047	025	283	332000	7387183
047	175	643	333243	7386037
047	120	2797	332367	7386450
047	060	224	333371	7387154
047	062	428	333551	7387241
047	055	143	333047	7386972
047	097	414	333063	7386355
047	146	675	331943	7386167
047	234	272	333449	7387067
047	033	115	333125	7387365
047	214	75	332185	7387266
047	001	1932	331438	7386926
047	036	264	333276	7387366
047	172	98	332709	7386019
047	128	812	333494	7386526
047	286	237	332739	7387361
047	050	301	332488	7387166
047	101	202	332924	7385582
047	063	538	333585	7387387
047	269	637	333351	7385631
047	286	271	332734	7387334
047	127	864	333389	7386637
047	047	709	332230	7387202
047	062	360	333479	7387206
047	179	730	333353	7385980
047	138	286	332301	7386368
047	172	122	332739	7386017
047	284	2933	332428	7386321
047	007	304	331961	7387230
047	064	480	333611	7387269
047	179	858	333463	7385976
047	063	523	333605	7387341
047	194	620	332515	7385619
047	220	672	333324	7386331
047	084	356	333551	7387018
047	097	218	332858	7386376
047	176	618	333223	7385986
047	185	374	332174	7385642
047	055	50	333076	7387023
047	059	281	333399	7387240
047	204	50	332781	7385526
047	001	1944	331450	7386907
047	127	840	333360	7386632
047	188	210	332379	7385950
047	097	282	332925	7386369
047	204	80	332822	7385530
047	002	1872	331469	7387051
047	034	50	333088	7387287
047	050	325	332465	7387168
047	050	323	332470	7387177
047	050	309	332478	7387169
047	174	294	332911	7385991
048	040	542	334315	7386682
048	071	2568	334720	7386446
048	128	227	334425	7385631
048	325	72	334941	7386303
048	041	843	334414	7386430
048	252	187	335117	7385143
048	224	636	334993	7385414
048	398	186	335085	7385868
048	379	69	334313	7385678
048	249	88	334957	7385124
048	128	159	334429	7385676
048	307	27	334567	7387114
048	412	340	334056	7386313
048	063	175	334193	7386193
048	058	315	333834	7385715
048	260	1000	335462	7385305
048	380	191	334316	7385539
048	434	999	335435	7385828
048	063	91	334108	7386211
048	058	345	333860	7385713
048	268	1150	335533	7385175
048	268	1148	335531	7385173
048	391	3176	334879	7385861
048	259	352	335460	7385194
048	230	754	335354	7385527
048	037	327	334089	7386351
048	139	156	334978	7386099
048	249	126	334994	7385143
048	038	125	334233	7386479
048	150	345	335341	7386475
048	044	530	334465	7386671
048	058	325	333845	7385709
048	340	67	334889	7386357
048	306	30	334528	7387122
048	260	521	335425	7385280
048	063	103	334120	7386200
048	249	122	334989	7385136
048	192	973	335227	7385548
048	310	326	334334	7386121
048	039	30	334150	7386486
048	325	147	334928	7386271
048	307	134	334553	7387044
048	258	557	335391	7385250
048	039	94	334196	7386458
048	253	917	335162	7385188
048	396	66	334969	7385850
048	027	444	334259	7386752
048	224	906	334997	7385372
048	124	152	334279	7385577
048	338	41	334871	7386547
048	045	241	334541	7386922
048	262	597	335256	7385071
048	326	235	335049	7386286
048	233	422	335324	7385915
048	144	424	335234	7386157
048	043	505	334372	7386718
048	124	148	334279	7385597
048	290	242	334043	7386423
048	391	3140	334866	7385885
048	039	822	334341	7386424
048	441	254	335074	7386238
048	251	148	335097	7385090
048	339	78	334905	7386516
048	046	197	334622	7386934
048	197	657	335382	7386170
048	058	397	333923	7385735
048	343	218	335050	7386523
048	142	254	335069	7386109
048	132	82	334729	7385889
048	310	536	334548	7386073
048	325	42	334876	7386306
048	069	598	334454	7386585
048	375	1111	334815	7385282
048	307	94	334575	7387074
049	019	404	335643	7387824
049	281	321	335220	7387817
049	030	330	335431	7387462
049	009	329	335391	7387892
049	261	45	335777	7387574
049	277	77	335024	7387841
049	169	688	335511	7385364
049	038	720	335474	7387254
049	172	9	335657	7385286
049	030	469	335493	7387481
049	279	188	335072	7387938
049	243	96	335042	7387799
049	006	159	335369	7388081
049	277	151	335101	7387825
049	010	292	335556	7387925
049	261	33	335790	7387569
049	484	425	335899	7385632
049	005	175	335289	7388007
049	010	206	335502	7387984
049	282	390	335375	7387796
049	007	65	335191	7387972
049	169	965	335478	7385350
049	028	61	335191	7387363
049	015	222	335212	7387585
049	030	399	335437	7387422
049	016	841	335229	7387683
049	042	434	335492	7387421
049	261	93	335736	7387569
049	006	195	335416	7388073
049	005	146	335317	7388043
049	006	125	335349	7388104
049	279	180	335084	7387914
049	262	150	335662	7387678
049	013	554	334957	7387537
049	007	73	335188	7387969
049	019	551	335594	7387816
049	036	482	335298	7387328
049	033	167	335282	7386985
049	481	39	335595	7384805
049	030	274	335396	7387424
049	166	220	336110	7385672
049	263	106	335727	7387635
049	163	665	335697	7385543
049	172	710	335640	7385323
049	049	94	335651	7387736
049	006	179	335382	7388066
049	019	293	335578	7387890
049	278	931	334989	7387944
050	048	2578	336769	7389579
050	018	702	336789	7389696
050	072	2822	336774	7389319
050	036	745	338216	7389090
050	049	569	336723	7389508
050	022	603	337167	7389468
050	011	1050	337106	7389865
050	055	143	337382	7389230
050	015	734	336692	7389925
050	044	1093	336526	7389910
050	199	806	336956	7389503
050	049	2592	336769	7389573
050	094	3079	336855	7389068
050	066	2793	336413	7389674
050	074	678	336923	7389251
050	085	168	337293	7389619
050	046	1329	336559	7389668
050	045	1279	336530	7389713
050	017	996	336848	7389796
050	006	1251	337190	7390049
050	143	80	337355	7389155
050	018	706	336795	7389732
050	051	642	336822	7389469
050	091	356	336616	7389218
050	043	1140	336479	7389869
050	198	252	337189	7389828
050	065	1222	336469	7389783
050	047	2470	336746	7389676
050	198	1224	337167	7389976
050	024	410	337438	7389364
050	089	256	336461	7389334
050	036	717	338176	7389072
050	072	518	336723	7389361
050	036	661	338137	7389018
050	045	522	336582	7389812
050	068	297	336455	7389487
050	065	1244	336473	7389764
050	051	2737	336832	7389405
050	051	2707	336829	7389436
050	019	826	336910	7389741
050	073	2785	336830	7389354
050	065	1234	336484	7389771
050	198	224	337193	7389843
050	015	1641	336651	7389923
050	065	2695	336428	7389747
050	048	602	336719	7389609
050	001	762	336841	7390034
050	088	255	336454	7389378
050	006	32	337224	7390042
050	085	188	337307	7389600
050	045	1263	336546	7389735
050	043	2601	336407	7389870
050	199	749	336945	7389408
050	017	759	336837	7389765
050	022	573	337190	7389475
050	014	403	337586	7389381
050	001	760	336817	7390056
050	036	697	338157	7389066
050	008	820	336801	7389913
050	017	724	336782	7389837
050	017	738	336796	7389832
050	046	1361	336552	7389653
050	065	2763	336411	7389709
050	009	895	336927	7389919
050	072	526	336749	7389340
050	198	1280	337215	7390007
050	069	446	336566	7389559
050	051	682	336840	7389481
050	018	710	336799	7389718
050	044	616	336561	7389912
050	049	2602	336766	7389528
050	006	467	337137	7390073
050	065	1246	336479	7389757
050	003	755	336884	7390042
050	010	877	336967	7389768
050	044	1660	336597	7389882
050	005	989	337041	7389907
050	199	759	336955	7389420
050	050	740	336838	7389582
050	019	809	336920	7389647
050	018	716	336803	7389712
050	026	883	337775	7389077
050	019	858	336941	7389721
050	059	535	338001	7388999
050	006	423	337114	7390121
050	093	3052	336807	7389079
085	039	50	326986	7386845
085	540	191	327101	7386639
085	101	322	328150	7386809
085	101	66	328173	7386764
085	093	295	327781	7386665
085	096	264	327945	7386759
085	544	321	327507	7386392
085	276	235	327694	7387532
085	287	767	327665	7388174
085	495	168	327602	7387514
085	611	1397	327456	7388123
085	168	1276	327463	7387867
085	434	657	327516	7388779
085	117	305	328470	7387697
085	540	181	327083	7386603
085	056	125	327333	7386966
085	482	836	328154	7387756
085	032	91	327585	7386587
085	094	1695	327843	7386615
085	097	1373	328037	7386883
085	621	268	327172	7389012
085	097	203	328093	7386880
085	154	775	328192	7388203
085	118	281	328439	7387573
085	286	285	327587	7388277
085	129	833	328454	7387801
085	150	936	327838	7387869
085	168	1094	327602	7387750
085	621	248	327189	7389004
085	444	1415	327527	7388205
085	286	660	327550	7388286
085	305	556	327497	7388677
085	421	717	327439	7388669
085	164	902	327807	7388240
085	138	716	328254	7388092
085	105	102	328548	7387412
085	430	2073	327078	7388717
085	156	665	328357	7388372
085	441	65	327836	7386491
085	184	546	327773	7388846
085	649	250	327010	7386637
085	122	1074	328174	7387118
085	038	240	327031	7386719
085	448	1790	327066	7388286
085	186	749	327570	7388383
085	551	103	328415	7387164
085	127	527	328257	7387727
085	632	152	327705	7387426
085	551	939	328297	7387191
085	032	113	327577	7386564
085	611	71	327443	7388113
085	610	599	327705	7387911
085	066	116	327361	7386931
085	300	1567	327407	7388314
085	310	1010	327793	7389024
085	632	715	327691	7387477
085	446	1779	327050	7388232
085	446	1771	327056	7388231
085	095	1587	327909	7386701
085	655	384	327093	7386424
085	461	111	328052	7386629
085	137	686	328316	7388184
085	498	1943	327174	7388700
085	129	605	328319	7387905
085	597	457	328185	7387510
085	057	279	327386	7387052
085	448	1776	327065	7388261
085	126	539	328270	7387584
085	096	1517	327956	7386773
085	032	458	327602	7386575
085	611	35	327413	7388080
085	287	831	327711	7388212
085	611	1439	327452	7388132
085	137	626	328354	7388166
085	308	439	327679	7388798
085	100	68	328101	7386659
085	641	1901	326944	7388214
085	539	250	327158	7386561
085	025	179	327867	7386196
085	089	1278	328040	7386980
085	138	694	328278	7388083
085	118	258	328452	7387516
085	611	1389	327462	7388107
085	611	1393	327460	7388130
085	611	1411	327436	7388127
085	611	69	327440	7388103
085	090	386	327930	7386934
085	127	609	328291	7387637
085	321	1516	327566	7388526
085	039	114	326941	7386783
085	144	370	327807	7387618
085	632	729	327685	7387481
085	294	963	328168	7388704
085	516	1281	327247	7387801
085	139	970	328196	7388074
085	145	1234	327877	7387442
085	330	836	328108	7387980
085	434	665	327532	7388806
085	086	480	327837	7386969
085	421	711	327442	7388669
085	551	186	328300	7387170
085	416	853	327348	7388550
085	560	489	327281	7387298
085	164	1136	327822	7388178
085	169	1181	327512	7387779
085	649	174	327062	7386658
085	611	49	327421	7388091
085	434	707	327552	7388815
085	594	816	327732	7388165
085	586	118	327341	7386648
085	322	81	327937	7388253
085	140	396	328147	7387944
085	138	679	328292	7388136
085	277	564	327728	7387849
085	551	903	328280	7387184
085	168	1114	327586	7387765
085	302	1433	327607	7388439
085	036	65	327142	7386734
085	288	1339	327680	7388382
085	028	60	327899	7386317
085	157	666	328395	7388424
085	649	264	327016	7386567
085	520	1517	326990	7387899
085	168	1250	327476	7387866
085	036	44	327220	7386770
085	166	677	327776	7387966
085	611	1383	327467	7388123
085	649	800	326961	7386589
085	551	104	328365	7387109
085	175	1303	327711	7388348
085	517	1343	327188	7387846
085	185	759	327878	7389034
085	322	974	327830	7388297
085	444	540	327477	7388200
085	154	801	328205	7388231
085	115	970	328590	7387867
085	300	1571	327403	7388312
085	127	781	328208	7387767
085	611	39	327417	7388092
085	166	1210	327622	7388030
085	170	1091	327406	7387729
085	461	95	328067	7386629
085	064	456	327521	7387163
085	550	167	328292	7387126
085	594	1165	327762	7388147
085	118	284	328406	7387518
085	114	1064	328653	7387942
085	551	915	328302	7387220
085	621	256	327179	7389012
085	551	927	328307	7387203
085	305	650	327515	7388649
085	632	701	327722	7387456
085	126	442	328230	7387530
085	495	200	327577	7387477
085	095	182	327908	7386658
085	611	85	327453	7388133
085	091	1498	327936	7386796
085	551	170	328326	7387164
085	127	801	328194	7387744
085	321	1410	327645	7388445
085	611	75	327446	7388121
085	484	296	328082	7387853
085	277	590	327748	7387877
085	095	1599	327912	7386701
085	551	191	328325	7387237
085	302	1465	327578	7388457
085	040	59	327014	7386920
085	293	1021	328122	7388738
085	550	1009	328248	7387163
085	611	1421	327428	7388136
085	426	934	327269	7388813
085	166	675	327773	7387963
085	589	211	327249	7386602
085	460	74	327984	7386586
085	540	194	327167	7386615
085	128	645	328300	7387850
085	120	320	328270	7387386
085	540	125	327135	7386628
085	152	831	328080	7388033
085	139	667	328234	7388040
085	025	133	327882	7386216
085	025	31	327926	7386284
085	544	152	327604	7386334
085	029	56	327955	7386388
085	313	945	328067	7388181
085	649	237	327030	7386659
085	561	577	327308	7387379
085	439	162	327855	7386423
085	589	512	327231	7386603
085	589	630	327239	7386413
085	554	545	327528	7387254
085	023	35	327562	7386277
085	105	78	328573	7387391
085	131	1063	328602	7387977
085	611	77	327448	7388122
085	593	1083	327832	7388113
085	026	252	327718	7386346
085	117	310	328457	7387639
085	611	83	327450	7388120
085	286	299	327594	7388282
085	126	505	328194	7387634
085	129	412	328428	7387783
085	102	470	328210	7386901
085	116	309	328544	7387781
085	116	217	328600	7387731
085	116	854	328508	7387775
085	550	55	328378	7387055
085	276	79	327685	7387561
085	144	378	327813	7387625
085	329	825	327836	7387666
085	115	986	328596	7387879
085	600	1007	328061	7387595
085	032	43	327612	7386636
085	611	27	327409	7388075
085	152	803	328055	7387963
085	095	1605	327904	7386694
085	118	245	328459	7387557
085	038	105	327031	7386778
085	276	89	327678	7387551
085	276	99	327672	7387542
085	276	221	327688	7387532
085	129	402	328434	7387784
085	657	105	327570	7389187
085	322	109	327912	7388276
085	328	1138	327961	7387524
085	161	878	328256	7388673
085	143	20	327904	7387651
085	443	1342	327528	7388135
085	611	63	327437	7388104
085	611	57	327425	7388100
085	126	558	328148	7387608
085	115	190	328651	7387768
085	330	425	328141	7387982
085	095	1629	327881	7386663
085	157	686	328384	7388434
085	608	1199	327609	7388001
085	316	329	327742	7388416
085	598	479	328170	7387527
085	166	1035	327801	7387979
085	130	355	328537	7387933
085	275	50	327677	7387602
085	650	434	326850	7386793
085	650	111	326800	7386811
085	589	92	327534	7386617
086	012	378	328356	7386581
086	339	1374	329327	7386823
086	251	453	330383	7386657
086	233	415	329177	7385286
086	430	1896	329969	7386863
086	021	46	328575	7387156
086	136	734	329667	7387003
086	188	789	329290	7385943
086	414	1662	329824	7386690
086	352	661	329115	7386101
086	385	194	330030	7387068
086	153	362	328866	7385910
086	375	142	328121	7386080
086	317	240	330146	7386766
086	102	643	329479	7387157
086	039	321	329005	7387320
086	193	1331	329648	7386375
086	137	1624	329548	7386917
086	006	86	328166	7386357
086	147	413	328868	7385997
086	100	1812	329606	7387314
086	070	606	329235	7387204
086	143	944	329106	7386358
086	106	760	329170	7386735
086	378	945	329398	7386091
086	028	79	328631	7387182
086	330	1414	329313	7386971
086	002	89	328097	7386386
086	200	257	330164	7386904
086	091	1195	329105	7386839
086	012	400	328371	7386596
086	181	652	329142	7386062
086	039	414	329098	7387337
086	105	1304	329236	7386884
086	314	785	329908	7386201
086	040	1650	329102	7387271
086	413	1776	329898	7386775
086	102	577	329532	7387126
086	051	1397	329308	7387455
086	084	436	328408	7386003
086	379	1318	329413	7386152
086	300	780	329951	7386153
086	102	526	329495	7387139
086	079	315	328344	7386120
086	095	1616	329350	7387216
086	035	260	328922	7387326
086	214	100	329667	7386310
086	094	710	329316	7387149
086	299	79	329914	7385973
086	094	724	329312	7387125
086	093	1361	329236	7386939
086	096	1139	329511	7387280
086	012	330	328321	7386555
086	215	1204	329587	7386231
086	039	313	328997	7387329
086	431	1529	329977	7386656
086	308	151	329982	7385959
086	100	1883	329634	7387244
086	014	786	328548	7386627
086	404	2024	330054	7386973
086	411	98	329335	7384857
086	048	872	329281	7386244
086	308	125	330003	7385949
086	006	46	328128	7386307
086	419	60	329025	7384771
086	043	1575	329135	7387595
086	038	1407	329002	7387420
086	279	53	329334	7384792
086	035	220	328885	7387350
086	375	88	328057	7386038
086	083	372	328414	7385750
086	308	145	329968	7385957
086	012	390	328365	7386593
086	094	1538	329296	7387144
086	333	10	328626	7385630
086	105	1274	329202	7386856
086	430	209	330060	7386751
086	370	209	329658	7385707
086	015	801	328511	7386681
086	102	1626	329450	7387137
086	102	1632	329455	7387145
086	009	202	328285	7386473
086	009	266	328281	7386493
086	329	1419	329331	7386889
086	193	166	329607	7386364
086	188	761	329278	7385935
086	221	1135	329013	7385555
086	314	765	329895	7386179
086	199	74	330138	7387045
086	178	1183	329363	7386267
086	162	1512	329625	7386800
086	012	414	328383	7386614
086	297	520	329805	7385823
086	402	215	329990	7387048
086	286	1837	329559	7385100
086	250	638	330353	7386472
086	080	71	328260	7386028
086	311	28	329907	7386068
086	253	51	330317	7386564
086	253	47	330324	7386567
086	288	1655	329420	7385215
086	270	175	329633	7385677
086	120	869	329061	7386413
086	139	1366	329380	7386707
086	214	30	329702	7386275
086	172	1259	329768	7386816
086	121	1033	329124	7386499
086	215	1220	329627	7386262
086	215	43	329663	7386235
086	191	1319	329457	7386183
086	060	380	329099	7387775
086	381	648	329383	7385440
086	244	1597	329898	7386285
086	084	422	328398	7386006
086	141	515	329290	7386549
086	019	1052	328735	7386803
086	338	1399	329374	7386753
086	094	714	329305	7387140
086	200	68	330200	7386892
086	102	1709	329521	7387107
086	008	245	328221	7386521
086	418	115	329037	7384836
086	101	1756	329529	7387235
086	277	195	329237	7384885
086	167	3586	330091	7387259
086	277	1095	329131	7384800
086	141	1142	329246	7386539
086	002	17	328052	7386318
086	193	132	329626	7386346
086	351	707	329129	7386168
086	403	1987	330035	7386998
086	185	1084	328934	7385545
086	019	1096	328743	7386845
086	068	854	329355	7387336
086	300	27	329919	7386104
086	379	1270	329392	7386184
086	105	753	329221	7386829
086	137	1610	329565	7386899
086	175	1296	329574	7386566
086	139	987	329409	7386688
086	114	560	328498	7385908
086	045	1036	329394	7386365
086	054	1675	329191	7387648
086	051	1890	329255	7387463
086	048	1008	329296	7386264
086	364	704	329173	7386098
086	413	1449	329921	7386686
086	048	852	329271	7386222
086	005	276	328199	7386234
086	281	875	329283	7384954
086	039	295	328980	7387333
086	039	1336	328986	7387337
086	354	1497	329691	7386588
086	094	690	329310	7387166
086	338	1389	329370	7386757
086	419	1084	329106	7384828
086	199	46	330167	7387028
086	084	398	328375	7386028
086	148	781	328710	7385816
086	203	55	330284	7387061
086	048	1150	329306	7386252
086	252	641	330399	7386477
086	419	236	329094	7384880
086	244	1561	329859	7386314
086	405	304	330096	7386898
086	102	534	329512	7387128
086	201	158	330212	7386847
086	064	33	329391	7387556
086	252	705	330405	7386406
086	123	1263	329297	7386669
086	102	1640	329459	7387149
086	102	635	329486	7387161
086	102	510	329487	7387140
086	065	4001	329422	7387577
086	011	347	328278	7386591
086	175	1350	329603	7386601
086	162	1560	329645	7386839
086	300	65	329968	7386095
086	329	1449	329341	7386922
086	039	1360	329005	7387345
086	106	1180	329152	7386784
086	405	17	330167	7386981
086	237	540	329486	7385803
086	238	99	329526	7385813
086	022	202	328679	7387065
086	125	1531	329460	7386867
086	288	488	329492	7385272
086	102	1664	329465	7387171
086	039	345	329024	7387304
086	039	331	329012	7387318
086	189	861	329339	7386021
086	135	1739	329731	7387006
086	202	145	330255	7386869
086	405	252	330116	7386920
086	238	127	329554	7385803
086	136	1724	329610	7386980
086	299	93	329924	7385965
086	206	411	330387	7386737
086	101	1750	329525	7387240
086	041	3753	329245	7387361
086	083	216	328314	7385865
086	375	156	328142	7386143
086	043	1471	329034	7387449
086	058	502	329007	7387872
086	005	2275	328258	7386212
086	435	30	328485	7386938
086	010	2421	328366	7386360
086	034	1252	328930	7387251
086	034	1302	328960	7387293
086	034	1553	328992	7387257
086	041	471	329179	7387339
086	436	51	328511	7386887
086	097	1875	329557	7387355
086	064	37	329383	7387558
086	300	750	329946	7386148
086	300	752	329948	7386147
086	036	136	328825	7387414
086	039	1396	329023	7387375
086	142	1030	329152	7386441
086	338	889	329322	7386736
086	159	1195	329468	7386514
086	014	838	328568	7386667
086	102	1712	329472	7387193
086	051	960	329273	7387418
086	426	1952	329663	7387406
086	005	2315	328286	7386241
086	094	722	329323	7387142
086	289	394	329543	7385346
086	289	400	329541	7385343
086	080	352	328314	7386065
087	480	127	325599	7385695
087	440	130	325460	7385443
087	440	104	325478	7385483
087	480	117	325572	7385654
087	021	253	325018	7384467
088	151	1000	327482	7385167
088	052	1308	327585	7385398
088	081	1122	327565	7385279
089	587	1408	330417	7383817
089	148	415	330229	7383315
089	214	720	330851	7383192
089	484	242	330754	7384928
089	135	35	330333	7383675
089	102	218	330183	7384317
089	073	93	329773	7384340
089	498	758	331109	7383463
089	178	681	330431	7383149
089	042	387	330012	7384912
089	129	276	330082	7383347
089	082	64	330132	7384448
089	151	829	330007	7383033
089	214	257	330816	7383175
089	221	179	330362	7382927
089	016	320	330062	7385478
089	303	406	331993	7384655
089	015	400	329939	7385344
089	073	161	329647	7384355
089	245	372	331196	7383186
089	138	811	330469	7383913
089	132	5254	331612	7386397
089	076	540	329687	7383959
089	272	106	331047	7384222
089	149	531	330162	7383280
089	031	388	329676	7384516
089	149	1403	330132	7383239
089	478	157	330794	7385056
089	585	402	329794	7383608
089	193	595	330808	7383599
089	042	415	330040	7384894
089	475	88	330827	7385316
089	002	66	329802	7385594
089	339	239	331883	7386185
089	539	452	330389	7385102
089	135	30	330388	7383711
089	438	289	331317	7384713
089	171	722	330693	7383511
089	526	277	329907	7383321
089	145	123	330419	7383621
089	568	485	331900	7384632
089	102	240	330192	7384296
089	570	423	330315	7384152
089	585	354	329857	7383601
089	179	55	330356	7383105
089	035	231	329828	7384525
089	086	190	330432	7384629
089	104	491	329736	7383922
089	104	553	329710	7383886
089	130	279	330111	7383385
089	557	2210	330151	7383152
089	473	155	330894	7385425
089	238	870	330837	7383006
089	278	199	331451	7384483
089	027	385	329575	7384738
089	268	499	331193	7384464
089	379	268	330158	7385401
089	448	21	331610	7384988
089	130	333	330130	7383431
089	195	390	330977	7383836
089	038	586	329760	7384822
089	076	450	329757	7383996
089	094	295	330483	7384535
089	583	895	329649	7383811
089	545	77	330261	7383655
089	032	268	329559	7384587
089	179	37	330370	7383122
089	125	5160	331496	7386497
089	569	247	332050	7384501
089	104	237	329924	7384002
089	422	801	330808	7384720
089	035	283	329790	7384495
089	086	150	330419	7384669
089	104	401	329829	7383949
089	396	180	330173	7385231
089	390	640	330524	7385442
089	466	528	331992	7384976
089	195	373	330919	7383790
089	023	328	330025	7385237
089	565	101	332507	7384947
089	534	847	330539	7385273
089	194	385	330879	7383734
089	116	48	329981	7383538
089	073	97	329757	7384357
089	177	1165	330360	7383199
089	339	229	331880	7386188
089	342	206	331841	7386209
089	557	2264	330119	7383096
089	040	149	329979	7384836
089	395	620	330167	7385294
089	304	282	332105	7384631
089	541	39	330661	7384760
089	188	179	330642	7383198
089	138	1383	330427	7383877
089	473	101	330834	7385426
089	157	1887	330366	7383381
089	031	264	329523	7384315
089	477	90	330811	7385138
089	585	484	329731	7383607
089	336	308	331879	7386112
089	031	278	329517	7384315
089	279	711	331391	7384409
089	196	449	331047	7383837
089	279	691	331408	7384396
089	013	93	329693	7384985
089	582	157	329504	7384063
089	217	1056	330610	7382967
089	568	190	332116	7384532
089	500	66	332267	7385300
089	480	159	330670	7384888
089	210	282	331188	7383504
089	421	770	330862	7384746
089	331	337	331638	7386184
089	479	210	330732	7385049
089	026	549	329698	7384830
089	377	27	330139	7385533
089	032	254	329579	7384601
089	102	348	330236	7384195
089	230	1041	330528	7382715
089	394	317	330175	7385351
089	515	379	330452	7385135
089	023	508	330031	7385203
089	380	557	330124	7385339
089	073	61	329647	7384324
089	186	375	330491	7383110
089	590	64	330264	7385178
089	315	135	332327	7385229
089	443	189	331542	7384867
089	136	234	331661	7386495
089	539	697	330368	7385094
089	183	312	330235	7382872
089	381	330	330305	7385604
089	487	344	331082	7385314
089	391	158	330517	7385348
089	238	863	330781	7383067
089	220	817	330417	7382908
089	116	68	329967	7383518
089	149	2088	330202	7383249
089	515	373	330454	7385135
089	016	427	330008	7385431
089	411	639	331749	7384668
089	183	617	330284	7382972
089	117	76	329918	7383465
089	303	452	331942	7384677
089	385	547	330453	7385495
089	279	699	331402	7384404
089	026	251	329635	7384855
089	585	454	329747	7383607
089	039	299	329844	7384842
089	157	1861	330374	7383407
089	325	442	331636	7386285
089	133	19	330628	7383361
089	473	71	330811	7385433
089	383	203	330302	7385463
089	537	278	329594	7384864
089	235	988	330716	7382937
089	039	158	329964	7384794
089	028	225	329488	7384586
089	569	121	332171	7384459
089	069	65	330027	7384579
089	013	71	329678	7384997
089	096	97	330612	7384375
089	189	2056	330806	7383280
089	188	201	330614	7383220
089	215	958	330759	7383080
089	002	116	329858	7385566
089	522	1215	329906	7383126
089	474	123	330865	7385364
089	015	239	329965	7385302
089	015	235	329961	7385311
089	569	251	332047	7384512
089	133	939	330511	7383381
089	307	575	332098	7384839
089	189	1988	330758	7383332
089	335	86	331767	7385982
089	195	369	330925	7383797
089	474	167	330912	7385369
089	073	56	329751	7384411
089	484	310	330795	7384970
089	025	45	329806	7384981
089	302	688	331726	7384735
089	038	298	329813	7384802
089	214	223	330776	7383209
089	388	262	330341	7385401
089	035	299	329774	7384478
089	574	177	331302	7383516
089	036	60	329976	7384624
089	152	352	330080	7382947
089	032	270	329584	7384587
089	526	568	329950	7383283
089	489	355	330066	7385257
089	023	346	330051	7385221
089	235	942	330773	7382947
089	478	327	330784	7385003
089	011	390	329510	7384789
089	378	211	330118	7385499
089	028	605	329422	7384610
089	431	115	331051	7384758
089	122	29	330041	7383527
089	375	33	330198	7385643
089	141	130	330721	7384010
089	076	1158	329685	7384025
089	431	177	330996	7384739
089	475	154	330890	7385323
089	136	174	331617	7386517
089	191	16	330961	7383450
089	180	191	330240	7383018
089	013	46	329739	7385048
089	431	69	331097	7384782
089	196	385	330998	7383861
089	172	795	330589	7383495
089	474	73	330815	7385352
089	138	1555	330516	7383689
089	397	254	330473	7385261
089	266	388	331362	7384286
089	537	262	329605	7384875
089	111	859	330080	7383864
089	102	915	330177	7384244
089	117	55	329872	7383420
089	202	415	331017	7383521
089	558	2253	330155	7383091
089	036	111	329892	7384621
089	039	76	329899	7384848
089	582	1135	329556	7384045
089	582	1145	329537	7384075
089	395	215	330181	7385259
089	167	267	330884	7383944
089	028	533	329466	7384635
089	312	358	332308	7384806
089	172	387	330583	7383460
089	136	160	331604	7386523
089	506	538	331135	7384452
089	261	305	331234	7384102
089	487	294	331034	7385310
089	385	527	330436	7385523
089	039	343	329878	7384813
089	110	723	330198	7383916
089	221	323	330241	7382853
089	265	345	331411	7384279
089	023	320	330017	7385235
089	487	350	331087	7385298
089	195	365	330927	7383790
089	154	575	330285	7383086
089	583	773	329688	7383696
089	235	930	330782	7382955
089	040	480	330062	7384833
089	040	215	330035	7384805
089	183	691	330224	7382914
089	136	134	331579	7386531
089	036	96	329957	7384598
089	528	511	331092	7383804
089	380	541	330112	7385355
089	104	433	329776	7383943
089	096	353	330683	7384250
089	398	314	330436	7385201
089	011	350	329536	7384815
089	393	534	330235	7385387
089	310	756	331916	7384919
089	374	155	330108	7385689
089	034	216	329779	7384567
089	556	721	330043	7383130
089	016	292	330036	7385460
089	174	126	330643	7383295
089	082	106	330143	7384398
089	236	798	330851	7382862
089	236	794	330855	7382882
089	040	420	330015	7384863
089	331	387	331619	7386237
089	070	203	329926	7384477
089	070	207	329924	7384483
089	070	195	329930	7384488
089	016	298	330022	7385487
089	448	31	331609	7385013
089	587	1374	330390	7383817
089	397	280	330464	7385241
089	368	209	329962	7385572
089	258	479	331344	7383978
089	506	534	331139	7384468
089	010	4522	329382	7384708
089	311	590	332075	7384914
089	029	691	329358	7384514
089	381	415	330337	7385571
089	518	409	331133	7383377
089	133	452	330620	7383404
089	379	276	330156	7385408
089	073	285	329579	7384256
089	073	1375	329635	7384270
089	103	161	330040	7384082
090	413	3008	328812	7383313
090	413	3000	328802	7383301
090	413	3020	328818	7383329
090	067	620	329582	7383608
091	102	47	332560	7382419
091	357	112	331273	7382254
091	570	291	332671	7381675
091	317	24	331738	7383578
091	570	275	332686	7381681
091	570	311	332654	7381668
091	570	287	332673	7381670
091	141	635	332480	7381456
091	165	402	332020	7382432
091	214	499	331309	7383114
091	368	2484	331104	7382940
091	247	201	330903	7382478
091	399	459	332785	7383036
091	291	639	332577	7381997
091	256	403	330569	7382505
091	238	472	331181	7382211
091	133	452	332532	7381638
091	258	305	330596	7382299
091	103	65	332565	7382300
091	056	130	332776	7383515
091	252	124	330796	7382409
091	088	311	332788	7382857
091	088	289	332797	7382871
091	103	486	332616	7382299
091	100	473	332651	7382598
091	098	282	332813	7382488
091	063	274	332883	7383230
091	322	234	332903	7382538
091	196	53	331622	7383208
091	129	594	332580	7382056
091	392	29	332206	7382588
091	332	480	332008	7383949
091	056	116	332824	7383467
091	213	556	331310	7383041
091	060	287	332939	7383486
091	350	50	331235	7382217
091	040	820	331879	7383554
091	245	141	330761	7382242
091	316	91	331839	7383590
091	056	92	332837	7383503
091	068	320	332809	7382681
091	169	175	331862	7382359
091	258	196	330614	7382273
091	183	503	331749	7382707
091	371	171	332692	7382761
091	025	399	332294	7383657
091	359	353	331469	7382239
091	060	43	332881	7383508
091	205	54	331514	7383075
091	277	429	332482	7381713
091	103	348	332542	7382393
091	395	300	332671	7383268
091	350	48	331231	7382210
091	129	748	332495	7381920
091	132	342	332626	7381693
091	063	385	332790	7383217
091	128	482	332418	7381702
091	185	447	331825	7382862
091	253	407	330711	7382533
091	283	63	332741	7381949
091	024	226	332428	7383791
091	056	86	332839	7383500
091	160	167	332109	7382644
091	370	302	332969	7382972
091	231	75	331502	7382513
091	040	273	332027	7383674
091	323	52	332841	7382574
091	062	251	332891	7383290
091	196	45	331644	7383218
091	259	181	330527	7382393
091	204	686	331404	7382952
091	594	280	332460	7383646
091	018	15	332249	7383805
091	248	58	330873	7382626
091	063	140	332764	7383291
091	089	369	332760	7382806
091	253	310	330657	7382450
091	258	26	330652	7382271
091	397	287	332662	7383206
091	068	260	332750	7382701
091	162	40	332100	7382786
091	223	2680	331225	7382790
091	258	291	330590	7382307
091	330	46	331729	7382363
091	306	94	332870	7381745
091	042	209	331825	7383741
091	102	323	332549	7382459
091	248	64	330867	7382638
091	061	2937	332998	7383401
091	321	9	333021	7382468
091	182	334	331709	7382611
091	022	324	332025	7383757
091	241	384	331022	7382349
091	258	311	330603	7382284
091	168	152	331826	7382319
091	062	303	332935	7383271
091	332	412	331980	7383885
091	204	702	331410	7382939
091	060	258	332908	7383547
091	366	392	331255	7382274
091	315	395	331880	7383687
091	399	140	332842	7383008
091	145	218	332747	7381720
091	579	38	331459	7382547
091	594	246	332514	7383686
091	594	400	332343	7383544
091	594	342	332409	7383607
091	365	429	331279	7382563
091	374	258	333174	7382844
091	374	300	333184	7382803
091	061	322	332954	7383436
091	099	476	332675	7382626
091	211	1077	331351	7383249
091	226	961	331060	7382522
091	397	151	332777	7383157
091	447	100	331543	7383022
091	277	379	332517	7381747
091	201	278	331410	7382750
091	328	596	331825	7382223
091	246	381	330993	7382382
091	075	123	333183	7382985
091	141	669	332493	7381452
091	258	279	330584	7382318
091	318	457	331686	7382484
091	213	550	331306	7383045
091	316	125	331862	7383610
091	403	286	332768	7382885
091	257	269	330648	7382398
091	391	115	332118	7382592
091	579	2860	331347	7382643
091	160	125	332129	7382692
120	300	1009	329828	7382930
172	312	4573	333022	7381936
172	268	301	332694	7381013
172	312	112	333155	7381966
172	312	96	333135	7381913
172	379	294	332725	7381169
172	367	7212	333902	7380640
172	312	18	333111	7381936
172	376	261	332861	7381135
299	036	148	328622	7389965
299	111	2108	329108	7388781
299	093	596	328654	7389105
299	110	379	328787	7388826
299	084	49	329151	7389343
299	107	219	328948	7388866
299	115	115	328980	7388638
299	136	660	328649	7389535
299	020	130	328118	7390164
299	019	288	327967	7390131
299	104	699	328497	7388985
299	091	1115	328276	7389178
299	071	1666	327648	7389466
299	075	707	328558	7389327
299	113	51	328811	7388691
299	060	518	328765	7389575
299	005	249	327812	7390625
299	054	18	329148	7389792
299	014	62	328561	7390533
299	022	9	328243	7390135
299	074	1200	328113	7389359
299	084	201	329002	7389335
299	091	1005	328250	7389235
299	046	160	328027	7389657
299	005	73	327956	7390703
299	047	305	328326	7389752
299	101	668	328573	7389048
299	012	702	327945	7390363
299	077	200	329002	7389404
299	115	151	328963	7388644
299	075	980	328340	7389399
299	117	295	328788	7388572
299	047	391	328252	7389731
299	117	290	328782	7388532
299	117	303	328761	7388587
299	101	674	328541	7389036
299	055	21	329243	7389753
299	002	415	328017	7390825
299	035	111	327917	7389862
299	035	170	327967	7389831
299	035	260	327901	7389810
299	035	129	327738	7389796
299	035	280	327802	7389782
299	067	170	328999	7389510
299	037	82	328707	7389988
299	018	123	328529	7390454
299	044	538	327464	7389601
299	053	158	328940	7389722
299	113	270	328829	7388619
299	016	1098	328218	7390317
299	147	1661	327909	7390565
299	110	389	328776	7388852
299	054	147	329179	7389850
299	022	159	328110	7390106
299	015	1344	327999	7390227
299	096	63	329136	7389192
299	077	81	329098	7389471
299	082	705	328541	7389227
299	115	63	329041	7388610
299	092	820	328417	7389098
299	040	298	328318	7389803
299	040	300	328313	7389789
299	066	270	328936	7389417
299	111	146	329021	7388801
299	115	210	328901	7388633
299	066	411	328903	7389549
299	091	1069	328197	7389255
299	054	74	329172	7389732
299	101	626	328591	7389033
299	040	290	328322	7389795
299	018	161	328479	7390437
299	077	88	329132	7389419
299	015	1442	327888	7390192
299	115	90	329022	7388596
299	075	937	328351	7389432
299	113	21	328825	7388710
299	077	90	329113	7389416
299	078	1761	327546	7389458
299	113	670	328865	7388648
299	004	364	327934	7390837
299	015	1200	328145	7390289
299	101	570	328652	7388989
299	115	41	329068	7388596
299	082	853	328411	7389267
299	061	200	329087	7389659
299	091	1032	328226	7389174
299	113	61	328806	7388669
299	004	36	327965	7390777
299	066	306	328900	7389415
299	100	841	328358	7389055
299	105	455	328753	7388988
299	100	1034	328314	7389082
299	079	1460	327775	7389409
299	080	1336	327941	7389327
299	061	352	328939	7389614
299	005	480	327996	7390759
299	082	1258	328297	7389276
299	077	188	329025	7389404
299	039	335	327740	7389726
299	113	81	328798	7388661
299	092	790	328440	7389099
299	114	123	329018	7388736
299	053	1099	328909	7389747
299	015	593	328076	7390308
299	075	924	328379	7389362
299	054	26	329159	7389776
299	060	957	328734	7389561
299	040	278	328331	7389799
299	139	271	328935	7389373
299	021	695	328619	7390344
299	116	45	329038	7388537
299	091	1046	328215	7389196
299	040	264	328347	7389803
299	014	160	328471	7390515
299	113	71	328802	7388669
299	077	75	329163	7389520
299	040	306	328309	7389804
299	045	411	327604	7389648
299	060	472	328825	7389557
299	015	671	327989	7390285
299	093	662	328593	7389134
299	013	500	328163	7390419
299	115	153	328957	7388651
299	061	336	328958	7389621
299	111	122	329043	7388791
299	079	1450	327800	7389396
299	094	192	329071	7389071
299	015	525	328131	7390338
299	099	507	328632	7388636
299	077	170	329042	7389409
299	114	71	329066	7388712
299	113	43	328815	7388693
299	117	153	328934	7388501
299	096	125	329162	7389131
299	015	815	327865	7390244
299	040	286	328327	7389799
299	077	31	329148	7389449
299	039	281	327670	7389752
299	115	171	328943	7388654
299	114	131	329002	7388741
299	075	959	328330	7389458
299	063	669	328544	7389463
299	067	277	329026	7389572
299	039	263	327700	7389754
299	115	635	328921	7388657
299	040	254	328359	7389799
299	050	223	327995	7389593
299	093	545	328680	7389119
299	091	1088	328169	7389198
299	078	641	327507	7389434
299	064	1054	328717	7389430
299	049	537	327544	7389543
299	054	183	329149	7389835
299	093	559	328676	7389151
299	093	618	328640	7389112
299	067	1347	328964	7389503
299	040	256	328354	7389818
299	104	585	328578	7388948
299	067	215	329083	7389590
299	115	161	328950	7388650
299	061	101	329011	7389686
299	061	244	329045	7389648
299	115	87	329014	7388622
299	105	397	328803	7388965
299	059	722	328515	7389527
299	074	1245	328263	7389311
299	080	1268	328004	7389290
299	075	1020	328308	7389419
299	053	134	328962	7389730
299	054	87	329240	7389877
299	061	151	328963	7389671
299	014	120	328506	7390516
299	036	120	328662	7389974
299	047	337	328291	7389743
299	153	1695	328084	7389958
299	067	134	329018	7389539
299	077	48	329178	7389410
299	056	1146	328190	7389477
299	083	566	328700	7389205
299	067	66	329098	7389542
299	040	270	328339	7389802
299	105	382	328807	7388898
299	110	451	328722	7388878
299	111	2080	329140	7388798
299	012	746	327904	7390339
299	011	1341	328227	7390655
299	078	1765	327519	7389461
299	065	509	328802	7389518
299	115	110	329007	7388595
299	077	148	329074	7389412
299	039	151	328018	7389772
299	079	1470	327824	7389383
299	091	1060	328199	7389207
299	078	1777	327520	7389480
299	054	233	329099	7389832
299	063	936	328370	7389487
299	077	185	328989	7389450
299	101	716	328518	7389047
299	015	1448	327857	7390182
299	004	184	327824	7390702
299	004	238	327780	7390676
299	047	184	328405	7389752
299	093	621	328619	7389179
299	062	1100	328219	7389440
299	117	375	328711	7388613
302	007	346	336799	7390440
302	003	1397	336701	7390733
302	005	140	336792	7390642
302	014	185	337106	7390355
302	012	473	336866	7390316
302	012	427	336862	7390372
302	012	872	336872	7390382
302	048	515	337663	7389458
302	014	223	337098	7390304
302	013	1225	337021	7390307
302	011	967	336755	7390252
302	011	951	336745	7390256
302	007	308	336796	7390478
302	012	880	336886	7390346
302	005	1487	336699	7390642
302	012	439	336864	7390351
302	012	433	336863	7390360
302	012	523	336866	7390264
302	012	529	336868	7390269
302	009	96	337038	7390437
302	012	423	336852	7390366
302	028	81	337266	7389985
302	013	186	337048	7390343
302	012	521	336866	7390276
302	012	515	336865	7390278
309	027	417	333014	7388241
309	023	683	333942	7388457
309	036	215	333381	7388026
309	032	14	333059	7388153
309	044	154	333072	7388041
309	044	200	333124	7388043
309	006	882	333619	7388558
309	044	35	333010	7388080
309	025	281	333708	7388371
309	036	341	333497	7388047
309	044	55	333042	7387988
309	010	414	332963	7388256
309	026	457	333842	7388348
309	018	173	333058	7388467
309	036	568	333763	7388249
309	016	300	333836	7388492
309	035	55	333506	7388249
309	010	234	333002	7388434
309	026	453	333852	7388338
309	035	53	333507	7388249
309	050	349	333228	7387832
309	009	571	333966	7388579
309	007	156	333799	7388636
309	010	26	332954	7388122
309	060	1053	333168	7387670
309	036	225	333390	7388029
309	036	237	333399	7388026
309	014	334	333358	7388559
309	050	309	333191	7387852
309	046	356	333509	7388025
309	035	13	333508	7388213
309	050	305	333177	7387889
309	031	210	333635	7388316
309	043	612	332959	7388044
309	044	81	333081	7388007
309	006	181	333598	7388361
309	025	253	333678	7388373
309	014	408	333431	7388563
309	010	392	332965	7388262
309	026	802	333874	7388356
310	113	74	332740	7383607
310	059	280	333480	7384566
310	030	121	333088	7385022
310	089	79	333183	7383985
310	058	243	333341	7384366
310	006	763	333433	7385526
310	101	295	333099	7383791
310	117	381	333026	7383532
310	049	11	333036	7384653
310	030	173	333100	7384993
310	088	88	333133	7383999
310	059	292	333413	7384352
310	030	307	333230	7385039
310	058	249	333346	7384374
310	115	162	333287	7383544
310	058	368	333378	7384447
310	086	315	332924	7383926
310	094	251	333117	7383833
310	022	1740	333423	7385347
310	057	81	333244	7384496
310	014	144	333259	7385403
310	012	430	332861	7385334
310	025	1874	333552	7385373
310	041	146	332693	7384826
310	045	411	333369	7384887
310	097	9	333453	7383867
310	041	84	332653	7384879
310	115	179	333253	7383530
310	079	221	333033	7384146
310	053	108	333513	7384720
310	045	243	333213	7384846
310	058	330	333385	7384476
310	082	605	333481	7384040
310	058	474	333354	7384356
310	012	1222	332938	7385423
310	093	451	333051	7383877
310	097	10	333451	7383861
310	050	126	333141	7384748
310	045	301	333251	7384863
310	041	138	332691	7384846
310	058	390	333373	7384438
310	051	59	333238	7384608
310	052	225	333395	7384608
310	117	180	333243	7383489
310	041	112	332669	7384852
310	084	747	333445	7384036
310	116	56	332711	7383556
310	012	504	332906	7385402
310	013	125	333219	7385425
310	115	116	333255	7383555
310	059	266	333510	7384567
310	114	231	332923	7383559
310	100	450	333028	7383815
310	046	51	333589	7384838
310	059	806	333493	7384483
310	058	255	333350	7384368
310	079	311	333117	7384127
310	029	236	332988	7385121
310	041	94	332660	7384863
310	115	56	333199	7383576
