009	079	331973	7392559
015	101	328003	7391597
015	116	328084	7391414
016	100	328836	7390783
016	101	328931	7390805
016	102	329071	7390920
016	103	329153	7390844
016	104	329234	7390949
016	105	329291	7390867
016	106	329419	7390969
016	115	328755	7390589
016	118	328888	7390569
016	119	328977	7390637
016	120	329134	7390648
016	121	329487	7390816
016	122	329209	7390650
016	123	329327	7390774
016	134	328732	7390361
016	135	328764	7390256
016	136	328842	7390370
016	137	329047	7390361
016	139	329398	7390592
016	144	329242	7390292
016	145	329091	7390120
016	147	329308	7390225
016	148	328943	7389920
016	150	329178	7389915
016	152	328605	7391177
016	153	328766	7390488
016	154	329026	7390232
016	155	329078	7390201
016	160	329498	7391580
016	162	329114	7390044
016	163	329213	7390001
016	164	329432	7391471
016	165	329344	7391466
016	166	329187	7390494
016	167	329255	7390408
016	059	328471	7391058
016	090	328840	7390911
016	079	329014	7391077
016	098	328622	7390726
016	050	329258	7391444
016	047	329025	7391246
016	077	328643	7390982
016	061	328633	7391100
016	096	328463	7390716
016	076	328583	7390915
016	048	329096	7391379
016	074	328357	7390863
016	080	329308	7391181
016	065	329269	7391289
016	056	328411	7391155
016	092	329303	7391057
016	075	328492	7390899
016	078	328803	7391031
016	099	328740	7390741
016	060	328546	7391066
016	049	329172	7391414
016	097	328495	7390626
016	057	328286	7390991
016	091	329032	7390980
016	054	328253	7391082
016	044	328712	7391194
016	089	328691	7390871
016	055	328353	7391134
016	045	328809	7391251
016	058	328384	7391028
034	084	334791	7391438
034	070	334387	7391595
034	074	334607	7391572
034	066	334043	7391592
034	061	334245	7391792
034	078	334212	7391441
034	081	334466	7391451
034	067	334098	7391586
034	083	334709	7391465
034	082	334592	7391457
034	080	334324	7391408
034	049	334285	7392026
034	079	334350	7391485
035	103	335136	7392499
035	059	335265	7391743
035	055	335035	7391624
035	072	336107	7391992
035	085	335725	7391717
035	060	335412	7391675
035	024	334720	7392023
035	056	335078	7391517
035	065	335766	7392086
035	077	335912	7391876
035	029	335462	7392318
035	034	334817	7391747
035	073	336225	7391996
035	016	335628	7392511
035	071	335994	7391974
035	027	335286	7392087
035	099	335596	7392801
035	046	335761	7392243
035	086	335406	7392039
035	054	334965	7391465
035	081	336120	7391873
035	044	335543	7391998
035	058	335184	7391579
035	069	336206	7392136
035	084	335690	7391820
035	087	335348	7392194
035	053	334912	7391644
035	061	335487	7391874
035	062	335546	7391786
036	101	329618	7390553
036	102	329739	7390512
036	103	329799	7390459
036	106	330172	7390633
036	107	329618	7390388
036	108	329818	7390280
036	109	329876	7390352
036	111	329933	7390287
036	116	329437	7390312
036	117	329495	7390338
036	120	329949	7390083
036	121	330053	7390035
036	122	329440	7390184
036	123	329588	7390120
036	124	329683	7390084
036	125	329784	7390038
036	126	329880	7389964
036	128	329408	7390072
036	129	329515	7389985
036	130	329648	7389991
036	135	331905	7390098
036	136	331959	7390050
036	140	330725	7391577
036	148	331563	7392022
036	149	331609	7391986
036	155	330126	7390389
036	036	331649	7391907
036	051	331024	7391826
036	016	331599	7392040
036	052	330977	7391742
036	046	331788	7391604
036	031	331125	7391944
036	047	331940	7391671
036	057	331293	7391401
036	019	331987	7392032
036	063	331307	7391251
036	040	332090	7391854
036	037	331709	7391794
036	097	329896	7390705
036	023	331217	7392059
036	026	331920	7391895
036	066	331374	7391134
036	039	331922	7391784
036	009	331877	7392205
036	045	331631	7391564
036	068	331515	7391231
036	010	332017	7392208
036	015	331375	7392058
036	008	331846	7392224
036	017	331623	7391756
036	098	330001	7390632
036	013	331717	7392033
036	025	331761	7391957
036	030	332343	7391965
036	004	331671	7392392
036	060	331438	7391333
036	050	332394	7391870
036	049	332294	7391816
036	003	331472	7392324
036	012	331592	7392111
036	034	331497	7391918
036	005	331859	7392430
036	087	330188	7391056
036	027	332053	7391959
036	022	332220	7392066
036	001	331167	7392025
036	014	331949	7392153
036	007	331721	7392270
036	044	331562	7391665
036	006	331447	7392120
036	069	331358	7391023
036	011	331465	7392050
036	041	332246	7391933
036	002	331579	7392374
036	061	331656	7391456
036	093	330157	7390873
036	048	332158	7391764
036	043	331641	7391713
036	038	331802	7391854
036	018	331804	7391783
036	058	331248	7391313
037	100	332276	7391038
037	102	331961	7390977
037	103	331987	7390882
037	104	331876	7390832
037	043	332577	7390342
037	040	332724	7390670
037	049	332238	7389944
037	012	332119	7391162
037	017	332416	7391051
037	025	332299	7390755
037	071	332416	7390159
037	061	332601	7389823
037	029	331888	7390434
037	056	332976	7390031
037	031	332115	7390535
037	050	332373	7389930
037	047	332932	7390587
037	044	332657	7390475
037	083	332851	7390200
037	014	332326	7391389
037	007	332390	7391620
037	093	331882	7391249
037	099	332818	7390424
037	036	332653	7390821
037	045	332767	7390562
037	037	332009	7390362
037	026	332484	7390851
037	052	332653	7389923
037	059	332346	7389812
037	005	332251	7391465
037	032	332214	7390565
037	008	332437	7391544
037	038	332229	7390451
037	019	332392	7391267
037	023	331918	7390571
037	051	332517	7389918
037	094	332207	7391693
037	020	332522	7391345
037	039	332451	7390537
037	078	332240	7390130
037	060	332506	7389817
037	011	331916	7391053
037	024	332126	7390672
037	089	331999	7391584
037	035	332619	7390928
037	067	332098	7390801
037	022	331931	7390732
037	070	332290	7390342
037	018	332470	7391191
037	030	332023	7390494
037	034	332540	7390805
037	003	332094	7391413
037	013	332110	7391273
037	028	332620	7391120
037	098	331674	7391381
037	058	332224	7389827
037	021	332570	7391243
037	072	332319	7390260
037	088	332039	7391545
037	010	331818	7390994
037	082	332667	7390014
037	006	332474	7391568
038	101	333492	7390808
038	102	333615	7390932
038	103	332884	7391256
038	104	332982	7391313
038	105	332913	7391116
038	106	332988	7391176
038	107	333063	7391235
038	112	333044	7391460
038	059	333230	7391407
038	099	333396	7390822
038	071	332974	7391002
038	050	332633	7391636
038	044	332894	7391638
038	078	333447	7391266
038	089	333592	7391266
038	032	332968	7392007
038	075	333351	7391212
038	090	333606	7391153
038	046	333184	7391969
038	031	332786	7392030
038	074	333251	7391158
038	039	332769	7391802
038	085	333278	7390975
038	073	333175	7391060
038	083	333062	7390880
038	051	332680	7391505
038	069	332793	7391377
038	082	332955	7390830
038	091	333011	7390717
038	040	332783	7391724
038	045	333152	7391828
038	029	332643	7391927
038	093	333174	7390837
038	030	332775	7391891
038	072	333053	7391055
038	016	332471	7392108
039	137	333747	7389884
039	139	334663	7391149
039	144	333997	7390449
039	145	334142	7390606
039	148	334345	7390541
039	151	334483	7390557
039	152	334557	7390744
039	158	334054	7390252
039	160	334270	7389754
039	163	333833	7390133
039	165	334059	7390097
039	171	334432	7389999
039	173	333858	7389749
039	174	334224	7390020
039	178	334242	7389887
039	180	333831	7389992
039	181	334033	7389879
039	182	334167	7389840
039	183	334226	7389797
039	184	334033	7389816
039	185	333929	7389858
039	186	333590	7390114
039	187	334042	7389687
039	188	333906	7389797
039	071	333819	7390480
039	011	334294	7391263
039	079	333327	7390199
039	025	334965	7391278
039	016	333737	7391127
039	036	334549	7390961
039	074	333289	7390368
039	043	333779	7390747
039	068	333576	7390741
039	048	334188	7390798
039	076	333396	7390475
039	073	333226	7390484
039	065	333371	7390646
039	041	335105	7391122
039	024	334917	7391116
039	077	333495	7390527
039	030	333870	7390994
039	075	333322	7390428
039	014	334713	7391308
039	013	334590	7391325
039	019	334105	7391173
039	032	334129	7391051
039	044	333856	7390771
039	086	334266	7390363
039	080	333612	7390317
039	069	333588	7390606
039	028	333704	7391002
039	038	334784	7390880
039	072	333935	7390707
039	026	335019	7391175
039	020	334269	7391143
039	078	333359	7390293
040	101	336399	7390406
040	102	336506	7390417
040	103	336636	7390397
040	107	335861	7390240
040	108	335959	7390239
040	109	336069	7390231
040	110	336173	7390245
040	112	336404	7390270
040	113	336514	7390275
040	117	335891	7390104
040	118	335974	7390118
040	119	336081	7390133
040	121	336290	7390130
040	122	336406	7390141
040	124	336660	7390159
040	129	335863	7389747
040	133	336194	7389974
040	134	336307	7389987
040	135	336429	7390003
040	136	336544	7390025
040	137	336681	7390032
040	138	336088	7390073
040	150	335427	7391448
040	151	335444	7390673
040	155	335205	7391254
040	160	336625	7390943
040	166	335016	7390829
040	168	335142	7390843
040	172	335031	7390691
040	176	334885	7390643
040	177	334946	7390583
040	178	335110	7390617
040	180	335021	7390522
040	181	335193	7390552
040	183	335114	7390453
040	185	335347	7390541
040	186	334871	7390415
040	188	335187	7390390
040	189	335360	7390423
040	190	334935	7390260
040	191	335083	7390291
040	192	335262	7390318
040	193	335318	7390324
040	195	334883	7390153
040	199	335159	7390020
040	200	335348	7390227
040	201	335406	7390191
040	203	334904	7390011
040	204	335416	7390066
040	208	334914	7389954
040	211	335429	7389944
040	215	335202	7389799
040	216	335352	7389794
040	217	335445	7389813
040	091	336490	7390548
040	079	336238	7390676
040	066	336020	7390781
040	001	335122	7391291
040	058	336203	7390948
040	002	335195	7391385
040	013	336395	7391654
040	046	336190	7391182
040	090	336381	7390507
040	080	336371	7390668
040	097	335939	7390345
040	095	335716	7390341
040	004	335389	7391506
040	083	335461	7390555
040	089	336252	7390538
040	003	335293	7391455
040	027	336404	7391473
040	092	336622	7390579
040	098	336055	7390365
040	063	335459	7390749
040	078	336134	7390650
040	040	336060	7391300
040	011	336158	7391617
040	032	335352	7391127
040	077	336017	7390649
040	081	336480	7390683
040	038	335955	7391265
040	056	336010	7390896
040	014	336428	7391826
040	096	335869	7390362
040	023	335933	7391436
040	086	335910	7390540
040	005	335526	7391614
040	082	336617	7390697
040	099	336132	7390343
040	048	336541	7391224
040	074	335864	7390717
040	053	336547	7391091
040	045	336097	7391205
040	009	335900	7391591
040	035	335432	7391073
040	043	335993	7391199
040	025	336191	7391501
040	057	336106	7390907
040	060	336459	7390947
041	100	330031	7388986
041	102	330389	7388974
041	103	330556	7389000
041	104	330759	7388981
041	110	329248	7388904
041	120	330125	7388900
041	122	330286	7388898
041	124	330477	7388894
041	125	330605	7388775
041	126	330683	7388884
041	127	330761	7388825
041	133	329298	7388626
041	135	329452	7388463
041	136	329581	7388594
041	137	329645	7388522
041	145	330447	7388639
041	150	330851	7388739
041	151	330944	7388663
041	152	329205	7388459
041	154	329369	7388328
041	157	329551	7388400
041	158	329616	7388272
041	159	329676	7388362
041	160	329750	7388449
041	162	329948	7388444
041	163	330010	7388545
041	166	330310	7388466
041	167	330569	7388547
041	168	330622	7388472
041	170	330783	7388468
041	171	330870	7388575
041	174	329287	7388262
041	176	329462	7388111
041	178	329631	7388102
041	179	329712	7388197
041	181	329824	7388262
041	183	329972	7388263
041	188	330410	7388196
041	189	330490	7388298
041	190	330546	7388379
041	194	329183	7388147
041	196	329324	7388131
041	197	329409	7388056
041	198	329568	7388004
041	202	329586	7389541
041	203	329733	7388014
041	204	329812	7388127
041	210	330326	7388130
041	211	330414	7388046
041	212	330480	7388124
041	220	329564	7387854
041	222	329784	7387813
041	223	329835	7387760
041	224	329955	7387670
041	225	330030	7387764
041	229	330249	7387851
041	230	330336	7387956
041	240	329800	7387682
041	241	329859	7387577
041	242	329972	7387527
041	251	330702	7388371
041	279	329465	7387722
041	280	329715	7389500
041	281	329654	7389432
041	283	329750	7389372
041	284	329337	7388495
041	286	330007	7389485
041	287	330069	7389477
041	288	330158	7389461
041	291	329560	7388781
041	013	329963	7389818
041	084	329945	7389061
041	029	329401	7389504
041	003	329377	7389676
041	063	330041	7389312
041	007	329542	7389331
041	036	330026	7389393
041	094	329292	7389006
041	056	329501	7389349
041	035	329913	7389458
041	078	329307	7389117
041	089	330475	7389063
041	011	329832	7389715
041	055	329386	7389337
041	008	329689	7389732
041	006	329409	7389306
041	064	330079	7389220
041	082	329796	7389036
041	030	329374	7389425
041	079	329502	7389033
041	051	331469	7389875
041	087	330281	7389063
041	015	329910	7389623
041	009	329638	7389613
041	014	329928	7389675
041	016	329992	7389831
041	060	329777	7389187
041	057	329557	7389339
041	097	329599	7388981
041	095	329394	7388919
041	085	330022	7389132
041	076	329400	7389264
041	017	330051	7389709
041	002	329407	7389400
041	005	329481	7389606
041	099	329864	7388962
041	012	329816	7389636
041	091	330617	7389060
041	034	329798	7389398
041	093	331227	7389061
041	031	329551	7389473
041	088	330352	7389166
041	061	329855	7389288
042	102	332714	7389195
042	103	332791	7389198
042	104	332872	7389196
042	107	333111	7388995
042	110	333412	7388983
042	111	333436	7389045
042	112	333520	7388983
042	113	333539	7389029
042	115	333635	7389065
042	116	333794	7389047
042	117	333902	7389041
042	118	333959	7389041
042	119	334057	7389051
042	125	332347	7389014
042	127	332578	7388985
042	128	332744	7389090
042	129	332728	7388989
042	130	332909	7389034
042	131	333096	7388860
042	132	333243	7388866
042	133	333425	7388859
042	134	333622	7388867
042	135	333823	7388856
042	136	333960	7388860
042	138	331427	7388976
042	139	331649	7388986
042	141	331886	7388900
042	143	332076	7388866
042	144	332333	7388874
042	149	333102	7388715
042	150	333242	7388758
042	157	333754	7388736
042	158	333888	7388730
042	159	334019	7388724
042	164	333771	7389491
042	165	333281	7389270
042	181	334503	7389779
042	185	334056	7388834
042	186	334417	7389508
042	187	334375	7389577
042	188	334255	7389501
042	191	334088	7389599
042	196	331714	7388878
042	199	331751	7389070
042	201	331893	7389117
042	202	331877	7389033
042	208	334207	7389257
042	022	332623	7389622
042	044	331942	7389518
042	067	332064	7389362
042	029	333253	7389515
042	054	333267	7389386
042	038	333899	7389495
042	079	333369	7389279
042	075	332866	7389330
042	059	333686	7389309
042	018	332076	7389642
042	007	332636	7389731
042	012	333358	7390075
042	008	332738	7389689
042	060	333886	7389358
042	066	331925	7389376
042	047	332316	7389468
042	053	333122	7389519
042	043	331805	7389525
042	013	333435	7389946
042	068	332186	7389385
042	055	333397	7389356
042	021	332483	7389632
042	039	333824	7389604
042	046	332201	7389496
042	014	333611	7389895
042	020	332356	7389642
042	045	332065	7389520
042	011	333237	7389892
042	095	332037	7389243
042	065	331813	7389405
042	061	333898	7389289
042	073	332712	7389322
042	040	333792	7389700
042	017	331951	7389673
042	062	334062	7389336
042	086	333718	7389206
042	037	333910	7389436
042	074	332792	7389327
042	048	332451	7389484
042	049	332576	7389513
042	058	333719	7389382
042	001	331808	7389849
042	056	333585	7389401
042	076	332952	7389349
042	087	333798	7389198
042	071	332565	7389334
042	064	331636	7389403
043	102	335392	7388773
043	103	335512	7388800
043	104	335627	7388816
043	105	335746	7388782
043	106	335850	7388828
043	107	335982	7388815
043	108	336099	7388860
043	114	335528	7388678
043	120	336125	7388664
043	121	336186	7388631
043	124	335424	7388537
043	127	335677	7388630
043	128	335750	7388584
043	132	335954	7388491
043	139	335425	7388438
043	143	335783	7388439
043	145	335920	7388374
043	146	335979	7388348
043	149	336256	7388383
043	154	335418	7388298
043	155	335522	7388262
043	156	335582	7388351
043	157	335723	7388383
043	158	335701	7388307
043	172	335713	7388056
043	179	335569	7388021
043	180	335687	7387882
043	181	335779	7387827
043	198	335912	7388169
043	200	336206	7388781
043	089	336247	7389079
043	060	335173	7389118
043	063	335381	7389151
043	011	335422	7389600
043	037	336329	7389738
043	020	336208	7389823
043	093	335503	7388925
043	077	336255	7389386
043	039	335224	7389277
043	056	336234	7389614
043	075	336138	7389289
043	084	335476	7389043
043	065	335479	7389269
043	085	335622	7389039
043	091	336389	7389165
043	035	336118	7389725
043	068	335676	7389286
043	044	335573	7389511
043	042	335425	7389354
043	059	336355	7389513
043	066	335587	7389282
043	057	336241	7389500
043	043	335578	7389390
043	036	336217	7389735
043	017	336001	7389801
043	067	335589	7389191
043	071	335843	7389181
043	074	336071	7389172
043	029	335464	7389607
043	055	336162	7389492
043	080	336381	7389271
043	095	335725	7388957
043	092	335382	7388912
043	053	336103	7389444
043	079	336364	7389397
043	072	335932	7389297
043	096	335864	7388967
043	024	335147	7389431
043	064	335482	7389153
043	097	335975	7388972
043	012	335481	7389688
043	088	335960	7389081
043	082	335271	7388960
043	021	336316	7389863
043	033	335918	7389666
043	008	335259	7389652
043	005	335060	7389722
043	083	335386	7389022
043	086	335725	7389039
043	081	335265	7389043
043	062	335313	7389160
043	023	335152	7389544
043	070	335834	7389305
043	028	335404	7389465
043	069	335705	7389171
043	054	336143	7389610
043	034	336027	7389670
043	076	336182	7389407
043	094	335632	7388937
043	014	335655	7389736
043	013	335557	7389721
045	105	330906	7388249
045	106	330986	7388181
045	111	331547	7387976
045	112	331653	7388014
045	115	332076	7387987
045	116	332241	7387970
045	117	332322	7387912
045	124	330728	7388242
045	125	330808	7388167
045	128	331065	7387948
045	130	331264	7387739
045	132	331459	7387814
045	136	331992	7387869
045	137	332016	7387720
045	138	332102	7387593
045	140	332356	7387731
045	141	332438	7387719
045	145	332679	7387620
045	146	330640	7388155
045	147	330736	7388060
045	148	330831	7387982
045	151	331100	7387755
045	156	331639	7387750
045	157	331749	7387802
045	165	332466	7387594
045	166	330570	7388056
045	167	330658	7387989
045	168	330740	7387909
045	169	330831	7387816
045	178	331781	7387684
045	180	331872	7387471
045	181	331914	7387358
045	182	330482	7387978
045	183	330584	7387881
045	184	330672	7387820
045	185	330776	7387746
045	187	331106	7387449
045	190	331370	7387378
045	197	330429	7387876
045	201	330758	7387577
045	206	331215	7387212
045	208	331387	7387218
045	209	331447	7387295
045	210	331525	7387344
045	213	330342	7387804
045	214	330438	7387717
045	223	331239	7387044
045	229	330271	7387708
045	240	330194	7387626
045	246	330732	7387174
045	247	330810	7387095
045	251	330409	7387324
045	260	330687	7387078
045	282	332232	7388128
045	284	332355	7388147
045	286	332431	7388101
045	287	332316	7388049
045	289	331875	7388598
045	290	331908	7388056
045	298	332451	7387953
045	302	331338	7386807
045	304	330387	7387648
045	305	330350	7387614
045	307	330662	7387223
045	308	332221	7388236
045	309	331673	7387678
045	311	332519	7387887
045	313	331234	7386848
045	332	331440	7388464
045	337	331214	7386786
045	339	332181	7387460
045	055	332376	7388479
045	016	332512	7388754
045	039	332552	7388553
045	015	332414	7388725
045	066	331031	7388427
045	067	331112	7388333
045	061	332698	7388396
045	028	331568	7388576
045	077	332070	7388326
045	073	331534	7388333
045	035	332344	7388634
045	047	331208	7388440
045	093	331797	7388221
045	006	331365	7388750
045	087	331060	7388266
045	038	332476	7388575
045	062	332728	7388333
045	018	332617	7388728
045	022	331095	7388669
045	019	332768	7388740
045	088	331125	7388186
045	021	332926	7388716
045	014	332303	7388721
045	082	332627	7388221
045	013	332065	7388743
045	080	332519	7388233
045	023	331178	7388599
045	094	332317	7388215
045	052	331627	7388473
045	009	331759	7388755
045	098	332557	7388135
045	063	332775	7388284
045	078	332301	7388357
045	002	331460	7388785
045	085	330877	7388416
045	084	332750	7388131
045	048	331281	7388365
045	017	332514	7388688
045	070	331329	7388278
046	106	333984	7387896
046	107	334071	7387890
046	108	334192	7387779
046	109	334312	7387939
046	113	334474	7387727
046	115	334760	7387851
046	135	334768	7387751
046	151	334147	7387342
046	152	334243	7387381
046	160	334438	7387396
046	185	334798	7388259
046	189	334687	7387968
046	191	334343	7388226
046	192	335167	7388550
046	195	335171	7388295
046	196	335156	7388206
046	197	334180	7388145
046	199	334277	7388137
046	201	334572	7387523
046	202	334893	7389510
046	204	335031	7389473
046	207	334210	7387560
046	218	334689	7389446
046	219	334962	7389349
046	220	334749	7389214
046	224	334601	7389109
046	225	334689	7388975
046	226	335102	7388157
046	229	334595	7387743
046	241	335033	7388875
046	242	335150	7388924
046	245	334268	7388872
046	091	334425	7388002
046	005	334847	7389190
046	011	334771	7388985
046	029	334534	7388480
046	059	334436	7388406
046	087	334049	7388251
046	008	334856	7389031
046	025	334358	7388862
046	004	334902	7389299
046	060	334529	7388277
046	061	334644	7388212
046	012	334905	7389026
046	009	335010	7389042
046	013	334899	7388934
046	033	334815	7388557
046	064	335016	7388370
046	054	334176	7388522
046	010	335111	7389061
046	096	334936	7388081
046	062	334906	7388415
046	023	335088	7388743
046	006	335012	7389164
046	093	334577	7387929
046	053	334107	7388517
046	079	334987	7388270
047	101	332939	7385559
047	118	332217	7386618
047	120	332389	7386443
047	122	332915	7386544
047	123	332778	7386454
047	126	333135	7386530
047	127	333370	7386611
047	128	333450	7386510
047	132	331926	7386363
047	138	332292	7386401
047	139	332349	7386287
047	146	331996	7386164
047	150	332233	7386246
047	165	332319	7386917
047	170	332338	7385834
047	172	332778	7385976
047	174	332929	7385969
047	175	333170	7386054
047	176	333204	7385964
047	177	333335	7386064
047	179	333403	7385956
047	185	332129	7385609
047	187	332410	7385682
047	188	332421	7386010
047	194	332483	7385560
047	195	332627	7385670
047	196	332723	7385748
047	198	333091	7385685
047	203	332727	7385396
047	204	332818	7385505
047	208	333089	7385464
047	211	332139	7387047
047	213	332330	7387403
047	214	332208	7387258
047	219	333128	7386445
047	220	333325	7386403
047	223	332760	7386355
047	228	332081	7386193
047	233	333405	7387021
047	234	333483	7387047
047	235	332957	7386935
047	237	333109	7386881
047	238	333196	7386837
047	253	333281	7386960
047	255	331386	7386765
047	256	331475	7386732
047	269	333342	7385691
047	273	332205	7387013
047	284	332495	7386269
047	285	332556	7387285
047	286	332758	7387357
047	287	332726	7387229
047	060	333374	7387126
047	064	333726	7387299
047	097	332999	7386299
047	028	332354	7387194
047	076	332334	7386789
047	038	333429	7387418
047	014	332694	7387517
047	022	331679	7387021
047	003	332450	7386351
047	086	333687	7387137
047	054	332973	7387053
047	035	333237	7387452
047	080	332903	7386846
047	059	333328	7387236
047	033	333073	7387357
047	001	331678	7386576
047	041	331617	7386856
047	002	331628	7386676
047	020	331552	7386925
047	040	333618	7387506
047	066	333843	7387355
047	084	333496	7386966
047	094	332174	7386727
047	050	332505	7387147
047	006	331887	7387226
047	063	333647	7387385
047	042	331699	7386910
047	039	333519	7387560
047	004	331661	7387138
047	037	333387	7387507
047	007	331949	7387270
047	025	332002	7387155
047	034	333126	7387267
047	036	333270	7387343
047	062	333535	7387190
047	047	332234	7387146
047	055	333054	7387014
047	057	333169	7387163
048	124	334236	7385620
048	127	334461	7385471
048	128	334459	7385650
048	132	334710	7385897
048	139	334976	7386050
048	142	335051	7386069
048	144	335230	7386081
048	150	335363	7386484
048	189	334877	7385757
048	192	335227	7385511
048	197	335431	7386114
048	224	334965	7385400
048	230	335276	7385620
048	233	335353	7385888
048	249	334976	7385110
048	251	335153	7385092
048	252	335086	7385161
048	253	335191	7385194
048	258	335351	7385266
048	259	335469	7385229
048	260	335436	7385309
048	262	335283	7385056
048	268	335516	7385150
048	290	334008	7386495
048	306	334458	7387050
048	307	334527	7387016
048	310	334385	7386090
048	325	334928	7386297
048	326	335052	7386310
048	338	334903	7386563
048	339	334922	7386470
048	340	334918	7386373
048	343	335092	7386509
048	375	334840	7385232
048	379	334350	7385649
048	380	334364	7385539
048	391	334842	7385843
048	396	334991	7385846
048	398	335106	7385761
048	412	334041	7386311
048	434	335460	7385784
048	441	335050	7386235
048	043	334418	7386757
048	038	334200	7386526
048	040	334300	7386647
048	071	334615	7386515
048	037	334160	7386291
048	039	334231	7386461
048	063	334181	7386204
048	058	333899	7385736
048	046	334693	7386988
048	027	334226	7386701
048	069	334456	7386514
048	045	334588	7386964
048	044	334482	7386726
048	041	334384	7386528
049	163	335722	7385526
049	166	336100	7385683
049	169	335514	7385343
049	172	335647	7385293
049	243	335051	7387789
049	261	335678	7387557
049	262	335591	7387668
049	263	335739	7387658
049	277	335092	7387849
049	278	335007	7387905
049	279	335068	7387952
049	281	335225	7387833
049	282	335323	7387828
049	481	335487	7384620
049	484	335902	7385560
049	019	335606	7387739
049	036	335263	7387308
049	006	335348	7388088
049	015	335164	7387546
049	038	335411	7387214
049	042	335473	7387382
049	039	335422	7387143
049	033	335149	7386996
049	016	335161	7387661
049	009	335427	7387860
049	030	335457	7387428
049	013	334973	7387424
049	010	335485	7387944
049	005	335318	7388018
049	007	335200	7387896
049	017	335313	7387588
049	028	335251	7387425
049	049	335638	7387754
049	040	335519	7387232
050	143	337338	7389130
050	198	337145	7389817
050	199	336945	7389461
050	215	336639	7388891
050	059	337904	7389009
050	060	337920	7388788
050	048	336730	7389577
050	014	337505	7389427
050	089	336496	7389288
050	018	336841	7389677
050	091	336625	7389181
050	085	337292	7389563
050	047	336717	7389662
050	072	336760	7389320
050	036	338146	7389069
050	073	336872	7389328
050	088	336493	7389407
050	010	336933	7389749
050	043	336440	7389879
050	020	336933	7389577
050	049	336736	7389523
050	046	336575	7389646
050	017	336829	7389797
050	024	337455	7389345
050	045	336569	7389765
050	055	337355	7389278
050	068	336476	7389499
050	074	336899	7389245
050	022	337219	7389481
050	005	337042	7389834
050	026	337745	7389188
050	019	336936	7389695
050	069	336583	7389538
050	008	336775	7389911
050	044	336569	7389883
050	001	336821	7389993
050	006	337158	7390072
050	015	336686	7389898
050	066	336462	7389644
050	011	337078	7389823
050	093	336750	7389091
050	003	336945	7389835
050	094	336865	7389075
050	065	336459	7389768
050	009	336899	7389950
050	092	336750	7389200
050	050	336817	7389537
050	051	336855	7389470
085	100	328081	7386682
085	101	328167	7386787
085	102	328268	7386858
085	105	328551	7387410
085	114	328712	7387883
085	115	328636	7387804
085	116	328557	7387731
085	117	328512	7387625
085	118	328419	7387535
085	120	328256	7387400
085	122	328125	7387217
085	126	328182	7387618
085	127	328234	7387731
085	128	328338	7387763
085	129	328388	7387853
085	130	328491	7387944
085	131	328546	7388032
085	137	328382	7388173
085	138	328304	7388085
085	139	328241	7387991
085	140	328148	7387924
085	143	327937	7387675
085	144	327869	7387551
085	145	327790	7387506
085	150	327847	7387891
085	152	328009	7388043
085	154	328169	7388219
085	155	328286	7388266
085	156	328302	7388392
085	157	328376	7388482
085	161	328285	7388698
085	164	327838	7388197
085	166	327700	7388014
085	168	327551	7387851
085	169	327489	7387751
085	170	327426	7387673
085	175	327685	7388320
085	184	327840	7388808
085	185	327860	7389051
085	186	327495	7388415
085	275	327667	7387604
085	276	327709	7387571
085	277	327733	7387844
085	286	327571	7388282
085	287	327670	7388197
085	288	327640	7388370
085	293	328100	7388706
085	294	328164	7388657
085	300	327395	7388300
085	302	327547	7388464
085	303	327460	7388542
085	305	327524	7388663
085	308	327658	7388821
085	310	327829	7388997
085	313	328031	7388182
085	316	327747	7388395
085	321	327595	7388520
085	322	327907	7388260
085	325	328606	7387437
085	328	327951	7387543
085	329	327863	7387627
085	330	328117	7387969
085	416	327396	7388570
085	421	327422	7388672
085	426	327268	7388817
085	430	327078	7388717
085	434	327490	7388832
085	439	327877	7386436
085	441	327876	7386491
085	443	327558	7388168
085	444	327493	7388197
085	445	327241	7388108
085	446	327082	7388209
085	448	327114	7388261
085	460	328015	7386578
085	461	328049	7386622
085	482	328165	7387781
085	484	328084	7387849
085	495	327590	7387511
085	498	327234	7388667
085	516	327227	7387776
085	517	327187	7387827
085	520	326989	7387878
085	539	327101	7386544
085	540	327134	7386593
085	544	327535	7386359
085	550	328290	7387084
085	551	328376	7387143
085	554	327511	7387230
085	560	327247	7387309
085	561	327308	7387370
085	586	327335	7386678
085	589	327319	7386578
085	593	327807	7388076
085	594	327759	7388126
085	597	328181	7387465
085	598	328131	7387507
085	600	328055	7387572
085	608	327582	7387978
085	610	327654	7387908
085	611	327415	7388110
085	621	327262	7388991
085	632	327690	7387451
085	641	326938	7387949
085	649	327025	7386597
085	650	326833	7386843
085	655	327065	7386471
085	657	327570	7389187
085	039	326958	7386832
085	093	327771	7386667
085	096	327991	7386761
085	023	327348	7386589
085	040	326983	7386942
085	094	327872	7386597
085	091	327908	7386818
085	029	327964	7386447
085	032	327637	7386591
085	028	327889	7386319
085	090	327975	7386928
085	056	327293	7386985
085	086	327885	7386994
085	097	328063	7386855
085	064	327522	7387102
085	057	327383	7387068
085	095	327928	7386677
085	036	327191	7386751
085	038	327105	7386798
085	066	327373	7386929
085	026	327711	7386440
085	089	328023	7387014
085	025	327712	7386672
086	100	329633	7387295
086	101	329554	7387215
086	102	329472	7387127
086	105	329258	7386845
086	106	329190	7386767
086	114	328442	7385906
086	120	329042	7386406
086	121	329091	7386532
086	123	329283	7386699
086	125	329414	7386869
086	135	329726	7387056
086	136	329650	7386968
086	137	329575	7386896
086	139	329409	7386717
086	141	329262	7386548
086	142	329206	7386436
086	143	329129	7386341
086	147	328834	7385991
086	148	328716	7385862
086	153	328912	7385913
086	159	329437	7386548
086	162	329665	7386820
086	167	330068	7387249
086	172	329829	7386826
086	175	329596	7386541
086	178	329379	7386267
086	181	329175	7386051
086	185	328891	7385519
086	188	329261	7385928
086	189	329298	7386036
086	191	329459	7386223
086	193	329614	7386394
086	199	330167	7387049
086	200	330187	7386915
086	201	330152	7386827
086	202	330276	7386881
086	203	330280	7387002
086	206	330394	7386772
086	210	330209	7386622
086	214	329728	7386329
086	215	329647	7386213
086	221	329091	7385569
086	233	329153	7385297
086	237	329542	7385776
086	238	329558	7385815
086	244	329884	7386328
086	250	330315	7386474
086	251	330413	7386609
086	252	330423	7386439
086	253	330310	7386553
086	270	329595	7385671
086	277	329213	7384840
086	279	329290	7384756
086	281	329305	7384949
086	286	329604	7385127
086	287	329519	7385195
086	288	329421	7385271
086	289	329514	7385366
086	297	329805	7385823
086	299	329898	7385994
086	300	329970	7386143
086	308	330021	7385992
086	311	329910	7386054
086	314	329819	7386235
086	317	330121	7386708
086	329	329330	7386906
086	330	329285	7386940
086	333	328689	7385563
086	338	329360	7386761
086	339	329311	7386793
086	351	329102	7386182
086	352	329097	7386126
086	354	329664	7386620
086	364	329212	7386088
086	370	329663	7385743
086	374	328184	7386186
086	375	328026	7386121
086	378	329359	7386114
086	379	329406	7386145
086	381	329437	7385451
086	385	330041	7387087
086	386	329339	7387680
086	390	330192	7386035
086	402	329965	7387020
086	403	330010	7386994
086	404	330067	7386962
086	405	330106	7386931
086	407	329601	7387481
086	411	329380	7384861
086	413	329915	7386747
086	414	329845	7386654
086	418	329027	7384836
086	419	329102	7384864
086	420	328968	7384948
086	422	329774	7387307
086	426	329679	7387404
086	430	329999	7386801
086	431	329997	7386664
086	435	328454	7386918
086	436	328532	7386881
086	006	328301	7386286
086	096	329467	7387282
086	074	328922	7386817
086	040	329121	7387279
086	008	328216	7386513
086	012	328436	7386607
086	094	329314	7387111
086	070	329234	7387171
086	079	328374	7386172
086	084	328361	7385973
086	054	329161	7387659
086	083	328405	7385708
086	041	329194	7387350
086	080	328274	7386053
086	010	328307	7386281
086	011	328292	7386691
086	046	328871	7387687
086	021	328564	7387153
086	048	329318	7386211
086	039	329043	7387337
086	038	328947	7387406
086	093	329236	7387011
086	091	329081	7386849
086	028	328632	7387211
086	036	328784	7387405
086	068	329365	7387367
086	002	328136	7386351
086	060	329118	7387780
086	015	328483	7386693
086	043	329035	7387523
086	009	328279	7386461
086	014	328574	7386617
086	005	328439	7386130
086	019	328760	7386823
086	045	329432	7386394
086	095	329376	7387199
086	065	329401	7387625
086	051	329279	7387445
086	064	329379	7387543
086	035	328886	7387317
086	058	329035	7387863
086	022	328659	7387056
086	034	328962	7387254
086	097	329557	7387355
087	440	325410	7385468
087	452	325669	7385932
087	480	325511	7385728
087	021	325087	7384414
088	151	327507	7385161
088	052	327545	7385344
088	081	327594	7385277
089	102	330207	7384226
089	103	330091	7384082
089	104	329733	7383902
089	105	329760	7383802
089	110	330216	7383872
089	111	330135	7383816
089	116	329940	7383531
089	117	329903	7383448
089	118	329810	7383352
089	122	330043	7383476
089	125	331486	7386482
089	129	330064	7383310
089	130	330141	7383423
089	132	331583	7386365
089	133	330585	7383377
089	135	330391	7383727
089	136	331653	7386470
089	138	330592	7384027
089	141	330683	7383984
089	145	330423	7383611
089	148	330241	7383338
089	149	330167	7383244
089	151	330007	7383033
089	152	330088	7382961
089	154	330270	7383122
089	157	330392	7383369
089	167	330937	7383954
089	171	330677	7383548
089	172	330589	7383476
089	174	330598	7383288
089	177	330404	7383236
089	178	330445	7383147
089	179	330357	7383082
089	180	330225	7382992
089	183	330278	7382932
089	186	330506	7383076
089	188	330660	7383220
089	189	330744	7383280
089	191	330923	7383434
089	193	330825	7383565
089	194	330921	7383722
089	195	330964	7383789
089	196	331022	7383863
089	202	331035	7383515
089	210	331172	7383515
089	214	330797	7383208
089	215	330737	7383128
089	217	330578	7382995
089	220	330464	7382962
089	221	330318	7382865
089	230	330552	7382745
089	235	330736	7382969
089	236	330809	7382871
089	238	330810	7383032
089	245	331153	7383172
089	258	331353	7383985
089	261	331241	7384117
089	265	331405	7384262
089	266	331365	7384301
089	268	331186	7384422
089	272	331019	7384241
089	278	331410	7384496
089	279	331336	7384428
089	302	331778	7384732
089	303	332032	7384690
089	304	332215	7384610
089	307	332137	7384825
089	310	331802	7384905
089	311	332056	7384912
089	312	332305	7384839
089	315	332366	7385262
089	325	331671	7386240
089	331	331619	7386198
089	335	331764	7386006
089	336	331869	7386103
089	339	331854	7386285
089	342	331799	7386280
089	368	329951	7385583
089	374	330118	7385690
089	375	330233	7385632
089	377	330177	7385532
089	378	330154	7385481
089	379	330125	7385428
089	380	330104	7385378
089	381	330338	7385582
089	383	330285	7385478
089	385	330441	7385521
089	388	330360	7385376
089	390	330517	7385426
089	391	330488	7385375
089	393	330229	7385375
089	394	330206	7385326
089	395	330177	7385272
089	396	330151	7385224
089	397	330436	7385271
089	398	330413	7385221
089	411	331716	7384672
089	421	330894	7384738
089	422	330845	7384686
089	431	331082	7384766
089	438	331228	7384712
089	443	331522	7384833
089	448	331625	7385004
089	466	332074	7385008
089	473	330845	7385440
089	474	330860	7385373
089	475	330853	7385313
089	477	330791	7385135
089	478	330820	7385063
089	479	330701	7385031
089	480	330687	7384920
089	484	330793	7384949
089	487	331028	7385299
089	489	330049	7385276
089	498	331107	7383445
089	500	332263	7385270
089	506	331368	7384605
089	515	330450	7385106
089	518	331143	7383367
089	522	329933	7383124
089	526	329907	7383276
089	528	331113	7383800
089	534	330561	7385276
089	537	329614	7384904
089	539	330391	7385127
089	541	330628	7384797
089	545	330265	7383609
089	556	330069	7383134
089	557	330107	7383095
089	558	330154	7383070
089	562	332397	7385009
089	564	332480	7384977
089	565	332488	7384898
089	568	332038	7384590
089	569	332027	7384500
089	570	330421	7384235
089	574	331339	7383508
089	582	329584	7383945
089	583	329665	7383765
089	585	329879	7383622
089	587	330319	7383723
089	590	330259	7385169
089	073	329725	7384325
089	094	330489	7384487
089	076	329711	7384042
089	034	329749	7384586
089	031	329565	7384388
089	086	330326	7384631
089	002	330116	7385802
089	013	329782	7385026
089	032	329570	7384536
089	069	330050	7384554
089	011	329511	7384808
089	040	330057	7384806
089	027	329575	7384718
089	036	329953	7384629
089	028	329458	7384605
089	042	330060	7384914
089	082	330111	7384407
089	015	330029	7385352
089	025	329811	7384956
089	039	329999	7384739
089	016	330015	7385446
089	060	330524	7385189
089	010	329457	7384766
089	035	329819	7384475
089	026	329660	7384829
089	070	329954	7384468
089	096	330629	7384302
089	038	329768	7384781
089	029	329403	7384525
089	023	330030	7385227
090	413	328768	7383218
090	067	329529	7383684
091	100	332643	7382576
091	102	332540	7382480
091	103	332536	7382373
091	128	332296	7381639
091	129	332526	7382002
091	132	332627	7381706
091	133	332548	7381666
091	141	332499	7381445
091	145	332780	7381744
091	160	332155	7382653
091	162	332072	7382819
091	165	331991	7382472
091	168	331849	7382284
091	169	331869	7382383
091	182	331661	7382595
091	183	331727	7382695
091	184	331783	7382810
091	185	331858	7382872
091	196	331656	7383194
091	201	331389	7382748
091	204	331397	7382923
091	205	331465	7383026
091	211	331398	7383233
091	213	331292	7383007
091	214	331324	7383159
091	217	330989	7382861
091	223	331220	7382758
091	226	331122	7382524
091	231	331518	7382520
091	238	331132	7382329
091	241	330925	7382291
091	245	330795	7382286
091	246	330942	7382375
091	247	330906	7382522
091	248	330866	7382634
091	252	330773	7382439
091	253	330669	7382504
091	255	330481	7382578
091	256	330559	7382497
091	257	330722	7382357
091	258	330609	7382304
091	259	330510	7382436
091	277	332511	7381714
091	283	332762	7381947
091	291	332616	7381995
091	306	332864	7381751
091	315	331867	7383676
091	316	331820	7383624
091	317	331780	7383572
091	318	331686	7382456
091	321	333001	7382452
091	322	332909	7382516
091	323	332849	7382568
091	328	331746	7382235
091	330	331698	7382347
091	332	332007	7383918
091	350	331232	7382200
091	357	331304	7382223
091	359	331476	7382234
091	365	331287	7382499
091	366	331223	7382379
091	368	331085	7382968
091	370	332956	7382927
091	371	332673	7382816
091	374	333187	7382784
091	391	332131	7382586
091	392	332215	7382563
091	395	332694	7383291
091	397	332770	7383137
091	399	332763	7383015
091	403	332720	7382913
091	447	331544	7383010
091	570	332676	7381670
091	579	331515	7382299
091	594	332470	7383719
091	060	332992	7383485
091	068	332671	7382708
091	018	332253	7383877
091	075	333211	7383031
091	088	332831	7382867
091	089	332807	7382766
091	025	332293	7383630
091	024	332355	7383799
091	022	332077	7383796
091	061	332912	7383441
091	099	332701	7382618
091	063	332838	7383233
091	040	331943	7383607
091	062	332889	7383306
091	098	332831	7382473
091	097	332761	7382446
091	056	332802	7383492
091	042	331768	7383675
120	300	329847	7382885
172	268	332689	7381034
172	289	333294	7381380
172	312	333150	7382004
172	367	333844	7380648
172	376	332859	7381178
172	379	332737	7381211
172	386	333343	7381661
299	100	328400	7389019
299	101	328581	7389046
299	104	328521	7388932
299	105	328764	7388955
299	107	328930	7388862
299	109	328526	7388844
299	110	328782	7388816
299	111	329107	7388783
299	113	328830	7388653
299	114	329039	7388690
299	115	328975	7388623
299	116	328985	7388555
299	117	328841	7388528
299	123	328222	7390909
299	136	328641	7389536
299	139	328937	7389352
299	147	327922	7390498
299	153	327954	7389941
299	010	328089	7390587
299	028	328255	7389893
299	036	328617	7389960
299	094	328956	7389112
299	061	329006	7389674
299	093	328606	7389155
299	021	328570	7390298
299	050	328109	7389616
299	074	328151	7389398
299	060	328783	7389575
299	040	328353	7389818
299	084	329034	7389342
299	071	327700	7389472
299	080	327997	7389324
299	096	329157	7389178
299	092	328427	7389117
299	063	328495	7389472
299	075	328487	7389341
299	082	328439	7389231
299	054	329161	7389788
299	047	328295	7389720
299	020	328150	7390204
299	037	328724	7390017
299	066	328884	7389487
299	065	328789	7389475
299	007	328350	7389863
299	091	328209	7389205
299	053	329000	7389777
299	014	328539	7390552
299	039	327890	7389746
299	019	327986	7390141
299	015	327986	7390262
299	049	327583	7389533
299	022	328153	7390088
299	005	327980	7390660
299	018	328484	7390427
299	099	328389	7388914
299	013	328126	7390449
299	077	329129	7389488
299	083	328683	7389235
299	079	327831	7389403
299	046	328000	7389677
299	012	327968	7390349
299	067	329035	7389548
299	004	327849	7390747
299	035	327966	7389857
299	064	328692	7389458
299	002	327993	7390860
299	055	329238	7389756
299	044	327467	7389606
299	016	328193	7390339
299	011	328222	7390613
299	059	328547	7389514
299	045	327630	7389639
299	008	328256	7390643
299	078	327550	7389445
299	062	328259	7389436
299	056	328163	7389489
302	005	336750	7390592
302	014	337125	7390325
302	007	336766	7390445
302	011	336780	7390307
302	003	336707	7390704
302	048	337651	7389470
302	012	336874	7390322
302	013	337030	7390315
302	015	337243	7390337
302	009	337008	7390462
302	028	337266	7389985
309	043	332954	7387977
309	016	333734	7388521
309	014	333393	7388542
309	044	333136	7388031
309	009	333997	7388569
309	036	333548	7388134
309	006	333609	7388521
309	025	333747	7388400
309	010	332976	7388352
309	026	333858	7388332
309	027	333064	7388320
309	032	333052	7388156
309	050	333136	7387892
309	035	333461	7388184
309	007	333735	7388607
309	023	333938	7388395
309	046	333417	7387984
309	060	333304	7387657
309	011	333107	7388551
309	031	333674	7388296
309	018	333080	7388436
309	037	333086	7388105
310	100	333027	7383779
310	101	333119	7383762
310	113	332742	7383594
310	114	332987	7383584
310	115	333238	7383547
310	116	332727	7383539
310	117	333126	7383502
310	118	332680	7384317
310	088	333115	7384005
310	029	332973	7385110
310	049	333034	7384643
310	013	333127	7385403
310	014	333327	7385365
310	045	333342	7384921
310	050	333161	7384717
310	058	333345	7384461
310	084	333396	7384043
310	052	333378	7384674
310	030	333154	7385053
310	012	332901	7385338
310	082	333442	7384121
310	093	333056	7383887
310	059	333454	7384404
310	053	333484	7384714
310	051	333249	7384636
310	089	333199	7383974
310	086	332944	7383939
310	057	333254	7384517
310	097	333451	7383861
310	018	333116	7385197
310	070	332783	7384183
310	025	333572	7385334
310	041	332641	7384874
310	006	333462	7385509
310	022	333396	7385279
310	017	333290	7383438
310	094	333145	7383860
310	046	333595	7384792
310	079	333070	7384135
